,name,ATH_retrace_USD
0,Bitcoin,-59.14%
1,Ethereum,-67.04%
2,XRP,-88.19%
3,Bitcoin Cash,-80.53%
4,EOS,-63.10%
5,Stellar,-68.11%
6,Litecoin,-76.54%
7,Cardano,-87.11%
8,IOTA,-82.86%
9,Tether,-17.62%
10,TRON,-87.50%
11,Monero,-71.71%
12,NEO,-82.86%
13,Dash,-84.81%
14,Ethereum Classic,-65.37%
15,NEM,-91.56%
16,Tezos,-82.34%
17,Binance Coin,-51.20%
18,VeChain,-79.84%
19,OmiseGO,-75.10%
20,Zcash,-77.20%
21,Qtum,-92.39%
22,0x,-55.96%
23,Bytecoin,-89.86%
24,BitShares,-77.21%
25,Decred,-52.33%
26,Bitcoin Gold,-93.82%
27,Zilliqa,-69.23%
28,Lisk,-87.41%
29,DigiByte,-66.48%
30,ICON,-89.77%
31,Ontology,-70.84%
32,Aeternity,-66.58%
33,Maker,-64.24%
34,Dogecoin,-81.02%
35,Siacoin,-90.50%
36,Steem,-83.46%
37,Bytom,-68.87%
38,Verge,-92.23%
39,Basic Attention Token,-64.71%
40,Bitcoin Diamond,-97.09%
41,Augur,-75.30%
42,Nano,-93.88%
43,Mithril,-45.79%
44,Golem,-75.88%
45,Waves,-85.08%
46,Stratis,-88.08%
47,RChain,-76.70%
48,Pundi X,-81.17%
49,Hshare,-85.85%
50,Status,-89.49%
51,KuCoin Shares,-87.14%
52,Waltonchain,-87.40%
53,Wanchain,-79.54%
54,Populous,-92.39%
55,MaidSafeCoin,-60.63%
56,IOST,-76.15%
57,Mixin,-78.91%
58,DigixDAO,-83.76%
59,GXChain,-71.35%
60,Ardor,-92.87%
61,Bitcoin Private,-88.90%
62,Huobi Token,-44.47%
63,Komodo,-90.12%
64,MOAC,-75.16%
65,aelf,-76.68%
66,Loopring,-89.18%
67,Aion,-92.76%
68,Nebulas,-79.80%
69,Kin,-86.67%
70,Cryptonex,-70.87%
71,MonaCoin,-89.03%
72,Decentraland,-55.75%
73,Emercoin,-69.70%
74,ZenCash,-54.35%
75,ReddCoin,-85.94%
76,FunFair,-86.69%
77,Ark,-88.60%
78,Monaco,-74.49%
79,Dentacoin,-95.36%
80,Power Ledger,-83.39%
81,WAX,-95.32%
82,Kyber Network,-84.82%
83,Holo,-53.42%
84,Dropil,-31.67%
85,MCO,-72.44%
86,Bancor,-78.48%
87,Loom Network,-75.18%
88,Nxt,-95.03%
89,Gas,-89.18%
90,Paypex,-69.49%
91,CyberMiles,-75.66%
92,PIVX,-87.61%
93,Nuls,-70.49%
94,TenX,-98.75%
95,Polymath,-79.03%
96,Electroneum,-94.45%
97,Byteball Bytes,-88.00%
98,Veritaseum,-91.53%
99,SmartCash,-97.45%
100,QASH,-89.44%
101,Theta Token,-55.91%
102,Bibox Token,-78.83%
103,Syscoin,-82.91%
104,Elastos,-82.07%
105,Enigma,-85.59%
106,Metaverse ETP,-69.89%
107,ZCoin,-90.41%
108,Gifto,-84.72%
109,Ethos,-91.19%
110,Nexus,-91.13%
111,SALT,-92.86%
112,Factom,-89.48%
113,Cortex,-77.80%
114,Substratum,-93.69%
115,Storm,-92.93%
116,Centrality,-81.75%
117,ODEM,-14.72%
118,WaykiChain,-86.00%
119,Game.com,-79.88%
120,Scry.info,-55.56%
121,ChainLink,-85.91%
122,Dragonchain,-94.35%
123,TrueUSD,-27.05%
124,High Performance Blockchain,-77.89%
125,CyberVein,-38.92%
126,Storj,-84.33%
127,Blocknet,-77.87%
128,Civic,-88.70%
129,Santiment Network Token,-87.53%
130,Matrix AI Network,-77.03%
131,Fusion,-83.67%
132,Iconomi,-89.65%
133,Noah Coin,-85.59%
134,Bluzelle,-60.85%
135,BitcoinDark,-88.86%
136,Gnosis,-88.89%
137,Skycoin,-89.61%
138,Particl,-89.42%
139,KickCoin,-50.80%
140,Nucleus Vision,-76.34%
141,Dai,-28.38%
142,Ignis,-99.75%
143,TokenPay,-68.26%
144,Nexty,-37.02%
145,PRIZM,-66.55%
146,iExec RLC,-87.97%
147,Safe Exchange Coin,-72.67%
148,Ubiq,-83.33%
149,Time New Bank,-93.67%
150,MediShares,-82.55%
151,SmartMesh,-85.90%
152,Peercoin,-80.50%
153,Neblio,-94.45%
154,DeepBrain Chain,-95.24%
155,Request Network,-94.33%
156,Aragon,-78.73%
157,Vertcoin,-90.27%
158,Enjin Coin,-87.58%
159,THEKEY,-76.31%
160,Crypterium,-65.44%
161,Raiden Network Token,-89.87%
162,Streamr DATAcoin,-82.53%
163,SingularityNET,-91.44%
164,Achain,-94.24%
165,Cindicator,-91.27%
166,Groestlcoin,-77.04%
167,Po.et,-93.34%
168,DigitalNote,-94.13%
169,Ruff,-72.37%
170,SONM,-84.57%
171,Bottos,-77.76%
172,Dynamic Trading Rights,-85.37%
173,BnkToTheFuture,-81.23%
174,CRYPTO20,-67.32%
175,Asch,-76.40%
176,Revain,-95.08%
177,Quantstamp,-92.34%
178,Ambrosus,-84.78%
179,True Chain,-76.40%
180,Pillar,-91.51%
181,Arcblock,-74.02%
182,DEW,-88.40%
183,Bitcoin Interest,-77.21%
184,ZClassic,-96.44%
185,Cube,-71.09%
186,BLOCKv,-94.25%
187,Nexo,-79.00%
188,Genaro Network,-90.47%
189,adToken,-75.49%
190,Tao,-31.24%
191,WhiteCoin,-66.67%
192,bitCNY,-89.06%
193,Docademic,-66.58%
194,SIRIN LABS Token,-95.95%
195,GoChain,-39.75%
196,AdEx,-87.14%
197,BitBay,-92.41%
198,Bread,-88.58%
199,Primecoin,-81.16%
200,POA Network,-83.30%
201,Dent,-97.11%
202,Odyssey,-83.09%
203,Genesis Vision,-82.25%
204,Quantum Resistant Ledger,-84.34%
205,APIS,-47.87%
206,Soarcoin,-68.86%
207,BridgeCoin,-87.16%
208,Tokenomy,-40.24%
209,Selfkey,-69.09%
210,Metal,-91.32%
211,MinexCoin,-88.54%
212,CasinoCoin,-99.84%
213,Edgeless,-89.18%
214,Unobtanium,-63.04%
215,Rock,-63.29%
216,Telcoin,-87.12%
217,Trade Token,-52.00%
218,BOScoin,-99.03%
219,Storiqa,-83.18%
220,IHT Real Estate Protocol,-74.64%
221,CPChain,-75.20%
222,GameCredits,-93.18%
223,Bitcore,-96.03%
224,Endor Protocol,-63.89%
225,Viacoin,-83.51%
226,Credits,-80.65%
227,EDUCare,-67.70%
228,All Sports,-89.18%
229,Red Pulse,-95.68%
230,ETHLend,-94.21%
231,Einsteinium,-95.51%
232,United Traders Token,-50.67%
233,Sakura Bloom,-33.29%
234,IoT Chain,-95.28%
235,SaluS,-84.45%
236,eosDAC,-84.76%
237,DAEX,-55.95%
238,Aeon,-82.16%
239,Eidoo,-87.39%
240,Aston,-81.30%
241,SophiaTX,-91.66%
242,Burst,-89.91%
243,NavCoin,-92.63%
244,NANJCOIN,-72.48%
245,NAGA,-88.50%
246,Delphy,-87.67%
247,Mobius,-87.70%
248,IoTeX,-58.58%
249,DATA,-86.78%
250,Nectar,-38.74%
251,LGO Exchange,-48.86%
252,Namecoin,-89.77%
253,Ink,-94.76%
254,Gulden,-87.79%
255,QuarkChain,-57.80%
256,FuzeX,-62.02%
257,Electra,-91.36%
258,BitRent,-60.98%
259,Lympo,-76.35%
260,Jibrel Network,-76.24%
261,Internet Node Token,-89.97%
262,NKN,-65.56%
263,Hydro,-49.85%
264,district0x,-91.88%
265,Republic Protocol,-71.19%
266,LBRY Credits,-90.00%
267,Zeepin,-75.52%
268,Wagerr,-87.88%
269,MobileGo,-97.65%
270,ATN,-88.38%
271,ION,-87.27%
272,Litecoin Cash,-99.06%
273,SwftCoin,-88.43%
274,Ravencoin,-75.79%
275,Neumark,-70.96%
276,TokenCard,-79.19%
277,Stakenet,-65.54%
278,OST,-95.87%
279,Counterparty,-92.03%
280,SingularDTV,-92.52%
281,Ripio Credit Network,-91.60%
282,Hive Project,-86.47%
283,Cryptaur,-27.63%
284,Hydrogen,-56.26%
285,LEOcoin,-91.79%
286,AirSwap,-93.24%
287,OriginTrail,-78.22%
288,Universa,-75.32%
289,FairCoin,-79.40%
290,SpankChain,-90.86%
291,Aurora DAO,-60.77%
292,LoyalCoin,-38.04%
293,Covesting,-33.44%
294,AC3,-21.98%
295,PayPie,-93.39%
296,Hydro Protocol,-86.14%
297,Modum,-91.91%
298,PCHAIN,-60.69%
299,Wings,-91.53%
300,CloakCoin,-89.67%
301,UTRUST,-95.68%
302,Mothership,-77.62%
303,Spectre.ai Dividend Token,-91.90%
304,Steem Dollars,-92.65%
305,Eximchain,-66.09%
306,TokenClub,-60.10%
307,PACcoin,
308,Feathercoin,-93.91%
309,BABB,-74.32%
310,AppCoins,-91.53%
311,Dock,-80.46%
312,TomoChain,-85.94%
313,WePower,-86.46%
314,Presearch,-91.91%
315,Apex,-87.94%
316,DECENT,-99.10%
317,Envion,-89.56%
318,ugChain,-85.42%
319,HempCoin,-90.58%
320,Sentinel,-71.18%
321,Primas,-73.79%
322,Lunyr,-90.39%
323,Tierion,-91.26%
324,Cobinhood,-98.43%
325,Peerplays,-84.33%
326,YEE,-76.00%
327,INS Ecosystem,-91.10%
328,Credo,-85.63%
329,OracleChain,-60.30%
330,DecentBet,-83.75%
331,TaaS,-83.58%
332,HTMLCOIN,-94.95%
333,Elastic,-86.14%
334,ECC,-85.73%
335,Swarm,-83.06%
336,iXledger,-90.98%
337,Banca,-85.42%
338,Datum,-87.92%
339,TE-FOOD,-52.10%
340,Proxeus,-62.33%
341,Blox,-92.13%
342,Unikoin Gold,-95.73%
343,Synereo,-87.26%
344,Zebi,-85.48%
345,WaBi,-94.43%
346,OneRoot Network,-58.22%
347,Cashaa,-83.77%
348,Humaniq,-92.56%
349,Shift,-90.74%
350,Incent,-71.74%
351,Mooncoin,-94.22%
352,Propy,-88.06%
353,MediBloc [ERC20],-50.41%
354,Pura,-92.99%
355,YOYOW,-91.58%
356,Havven,-71.81%
357,Linda,-87.56%
358,Bankex,-91.35%
359,Stox,-89.56%
360,Phore,-89.31%
361,DATx,-82.59%
362,Etherparty,-93.66%
363,Cofound.it,-90.96%
364,BlackCoin,-86.29%
365,GINcoin,-63.70%
366,SureRemit,-83.97%
367,TrustNote,-65.86%
368,Boolberry,-74.51%
369,FirstBlood,-94.43%
370,Pascal Coin,
371,Mercury,-90.03%
372,Blackmoon,-76.07%
373,MARK.SPACE,-79.91%
374,Moeda Loyalty Points,-97.47%
375,XTRABYTES,-96.44%
376,Experience Points,-99.08%
377,Fortuna,-74.41%
378,XinFin Network,-76.92%
379,Melon,-92.04%
380,BlockMason Credit Protocol,-92.72%
381,GridCoin,-84.48%
382,TraDove B2BCoin,-78.41%
383,XYO Network,-55.95%
384,LinkEye,-79.98%
385,Pepe Cash,-88.75%
386,VIBE,-97.73%
387,Ivy,-76.28%
388,MediBloc [QRC20],-98.83%
389,Numeraire,-85.08%
390,bitUSD,-75.99%
391,DeepOnion,-96.07%
392,SelfSell,-77.24%
393,Bezant,-72.18%
394,Quantum,-74.71%
395,Viberate,-90.99%
396,Rialto,-92.92%
397,CEEK VR,-43.76%
398,AurumCoin,-58.04%
399,Polybius,-80.92%
400,AICHAIN,-83.01%
401,Maecenas,-88.82%
402,SpaceChain,-94.81%
403,Bloom,-85.09%
404,Crowd Machine,-69.98%
405,Decision Token,-93.97%
406,Bismuth,-89.63%
407,Matchpool,-90.53%
408,Everex,-90.85%
409,QLINK,-96.39%
410,RevolutionVR,-94.07%
411,Electrify.Asia,-87.80%
412,Dimecoin,-92.73%
413,Oyster,-97.34%
414,PotCoin,-90.24%
415,MktCoin,-95.46%
416,ColossusXT,-95.70%
417,Sentinel Protocol,-23.06%
418,E-Dinar Coin,-99.98%
419,SHIELD,-94.63%
420,Bitcoin Atom,-99.88%
421,Expanse,-89.61%
422,Rubycoin,-87.75%
423,Grid+,-91.73%
424,IXT,-93.48%
425,ProChain,-72.83%
426,Zeusshield,-89.53%
427,Neurotoken,-82.27%
428,Olympus Labs,-88.90%
429,Karma,-92.05%
430,AI Doctor,-86.64%
431,Ecobit,-87.71%
432,Uquid Coin,-65.91%
433,Bean Cash,-90.97%
434,Triggers,-96.68%
435,Paragon,-86.53%
436,Ormeus Coin,-88.92%
437,QunQun,-91.37%
438,Clams,-76.77%
439,SunContract,-88.24%
440,Blocktix,-93.33%
441,Databits,-81.71%
442,Radium,-87.09%
443,Crown,-91.05%
444,Diamond,-92.06%
445,Refereum,-79.31%
446,MonetaryUnit,-87.84%
447,XMax,-43.35%
448,COSS,-97.29%
449,Oxycoin,-79.54%
450,VeriCoin,-93.36%
451,DMarket,-90.82%
452,LATOKEN,-94.15%
453,Restart Energy MWAT,-70.97%
454,Bitcoin Green,-82.00%
455,CashBet Coin,-66.95%
456,Smartlands,-53.64%
457,Bulwark,-94.74%
458,BrahmaOS,-86.04%
459,Hi Mutual Society,-79.46%
460,U Network,-82.60%
461,carVertical,-84.66%
462,Lamden,-96.08%
463,Medicalchain,-86.74%
464,STK,-87.31%
465,Datawallet,-82.12%
466,SIBCoin,-91.56%
467,Alphacat,-79.47%
468,Novacoin,-87.10%
469,Russian Miner Coin,-50.36%
470,I/O Coin,-93.15%
471,NewYorkCoin,-94.60%
472,Blockport,-81.42%
473,Global Currency Reserve,-84.43%
474,DIMCOIN,-93.72%
475,Chronobank,-78.37%
476,NoLimitCoin,-93.18%
477,Qbao,-94.49%
478,Monetha,-94.18%
479,Dynamic,-82.97%
480,LockTrip,-78.93%
481,Remme,-56.75%
482,CoinPoker,-81.45%
483,OAX,-89.06%
484,Gems,-82.29%
485,FlorinCoin,-87.09%
486,SolarCoin,-93.41%
487,Aeron,-93.96%
488,SwissBorg,-80.90%
489,Switcheo,-80.75%
490,Banyan Network,-81.41%
491,Agrello,-94.85%
492,Elixir,-90.43%
493,Bodhi,-91.88%
494,DubaiCoin,-93.21%
495,UpToken,-85.20%
496,DeviantCoin,-89.66%
497,Flash,-96.67%
498,Etheroll,-99.36%
499,Divi,-91.20%
500,Trinity Network Credit,-93.97%
501,Callisto Network,-75.98%
502,LUXCoin,-93.10%
503,MedicCoin,
504,Faceter,-14.60%
505,AdHive,-32.73%
506,Nework,-64.55%
507,Silent Notary,-73.79%
508,Omni,-93.66%
509,DADI,-80.45%
510,Myriad,-92.92%
511,ATMChain,-98.71%
512,ZrCoin,-85.77%
513,Measurable Data Token,-95.13%
514,ShipChain,-84.61%
515,CVCoin,-92.70%
516,RealChain,-85.72%
517,Phantasma,-81.26%
518,Hexx,
519,Energo,-96.75%
520,EchoLink,-92.61%
521,Pandacoin,-92.01%
522,Hacken,-83.59%
523,APX,-71.29%
524,Sequence,-89.81%
525,Gambit,-88.19%
526,Smartshare,-46.69%
527,Golos,-92.42%
528,ToaCoin,-81.66%
529,Friendz,-66.90%
530,HollyWoodCoin,-95.43%
531,Sharder,-77.45%
532,HeroNode,-68.31%
533,Mintcoin,-93.59%
534,NaPoleonX,-59.95%
535,Eroscoin,-83.23%
536,StrongHands,-99.98%
537,Zap,-92.37%
538,AidCoin,-69.48%
539,Cappasity,-97.59%
540,GET Protocol,-86.23%
541,ALQO,-96.70%
542,PolicyPal Network,-69.42%
543,LatiumX,-48.64%
544,BitTube,-82.01%
545,NeosCoin,-92.60%
546,AirToken,-94.03%
547,Spectrecoin,-95.94%
548,Stealth,-88.99%
549,Nexium,-90.39%
550,FoldingCoin,-91.79%
551,Fluz Fluz,-94.76%
552,Experty,-28.60%
553,Patron,-72.22%
554,Aventus,-88.85%
555,Musicoin,-94.31%
556,Polis,-96.47%
557,Nebula AI,-69.22%
558,REBL,-80.52%
559,BitSend,-89.16%
560,PolySwarm,-76.45%
561,LoMoCoin,-94.11%
562,U.CASH,-97.10%
563,Change,-92.56%
564,EXRNchain,-70.66%
565,Effect.AI,-65.91%
566,Hurify,-49.75%
567,indaHash,-93.40%
568,CargoX,-74.57%
569,Travelflex,-69.39%
570,Digitex Futures,-34.80%
571,BitDice,-87.41%
572,DAOstack,-83.73%
573,OKCash,-92.03%
574,Swarm City,-91.85%
575,Rentberry,-85.37%
576,Loki,-72.07%
577,Aphelion,-76.71%
578,Dotcoin,-82.74%
579,aXpire,-78.40%
580,Leverj,-79.67%
581,Bitcrystals,-88.77%
582,DomRaider,-95.51%
583,Patientory,-90.90%
584,InvestFeed,-92.48%
585,Pirl,-95.32%
586,Debitum,-74.93%
587,Energycoin,-92.81%
588,Nimiq Exchange Token,-94.69%
589,RED,-81.39%
590,bitqy,-98.43%
591,InsurePal,-93.58%
592,B2BX,-84.59%
593,PinkCoin,-90.19%
594,BunnyCoin,-73.02%
595,BitConnect,-99.91%
596,IDEX Membership,-70.47%
597,Hubii Network,-82.20%
598,Graft,-77.82%
599,BitDegree,-98.52%
600,Xaurum,-100.00%
601,DigiPulse,-86.17%
602,Rise,-97.93%
603,Flixxo,-94.32%
604,Rivetz,-95.54%
605,Everus,-99.54%
606,Bezop,-71.83%
607,Matryx,-92.49%
608,Morpheus Labs,-63.27%
609,Mysterium,-96.79%
610,Bounty0x,-97.48%
611,TrueFlip,-89.64%
612,Solaris,-94.37%
613,CanYaCoin,-94.78%
614,ICOS,-87.53%
615,NPER,-66.72%
616,ClearPoll,-94.76%
617,SRCOIN,-82.10%
618,Waves Community Token,-92.95%
619,Helbiz,-69.51%
620,Curecoin,-87.66%
621,LOCIcoin,-78.71%
622,Circuits of Value,-92.09%
623,GoByte,-98.31%
624,The Abyss,-62.44%
625,Elite,-89.50%
626,Linker Coin,-70.01%
627,Fidelium,-90.27%
628,Espers,-93.28%
629,Sentinel Chain,-91.06%
630,Unibright,-80.03%
631,BitcoinZ,-94.37%
632,PikcioChain,-63.40%
633,Snovio,-97.78%
634,MaxCoin,-93.19%
635,Playkey,-95.57%
636,Primalbase Token,-82.89%
637,Pareto Network,-85.33%
638,Universal Currency,-89.91%
639,XPA,-82.68%
640,ArtByte,-90.49%
641,Colu Local Network,-57.63%
642,REAL,-80.57%
643,CFun,-85.41%
644,HEAT,-98.43%
645,Sprouts,-99.99%
646,BitClave,-97.53%
647,EncrypGen,-97.06%
648,WeTrust,-97.16%
649,BetterBetting,-78.65%
650,1World,-71.99%
651,ShareX,-84.81%
652,JET8,-75.59%
653,Syndicate,-86.67%
654,Atmos,-89.85%
655,Bee Token,-86.70%
656,Global Cryptocurrency,-99.22%
657,Internet of People,-93.80%
658,Shivom,-59.14%
659,TransferCoin,-89.23%
660,Zilla,-82.15%
661,Tokes,-91.15%
662,Bitcoin Plus,-89.19%
663,Peculium,-53.66%
664,MyBit Token,-99.74%
665,Sociall,-84.97%
666,VeriME,-80.66%
667,Masari,-64.77%
668,Pesetacoin,-96.36%
669,Internxt,-86.22%
670,Devery,-85.55%
671,ALIS,-94.66%
672,CoinFi,-87.13%
673,Local World Forwarders,-60.36%
674,Worldcore,-96.92%
675,adbank,-78.62%
676,GoldCoin,-86.43%
677,Kore,-85.60%
678,Auroracoin,-99.12%
679,Education Ecosystem,-52.97%
680,Lendingblock,-83.81%
681,EuropeCoin,-77.80%
682,Travala,-57.92%
683,Profile Utility Token,-97.65%
684,Upfiring,-94.60%
685,Blue Protocol,-96.29%
686,Publica,-96.35%
687,Sether,-65.85%
688,Bela,-86.45%
689,Block Array,-85.74%
690,Ink Protocol,-78.02%
691,CommerceBlock,-75.64%
692,Guaranteed Ethurance Token Extra,-93.59%
693,Dether,-75.17%
694,DopeCoin,-93.35%
695,Pluton,-90.25%
696,Altcoin,-92.96%
697,Payfair,-94.36%
698,Zippie,-72.01%
699,Open Trading Network,-97.53%
700,Spectiv,-84.84%
701,LIFE,-97.90%
702,Leadcoin,-94.41%
703,LALA World,-86.78%
704,Dero,-85.05%
705,2GIVE,-88.02%
706,Auctus,-87.38%
707,Indorse Token,-87.32%
708,CryptoCarbon,-98.79%
709,Zephyr,-86.99%
710,Qwark,-94.52%
711,Bullion,-92.35%
712,GeoCoin,-97.74%
713,0xBitcoin,-61.30%
714,Sphere,-94.65%
715,Haven Protocol,-83.54%
716,HelloGold,-98.57%
717,Cryptopay,-88.99%
718,SpreadCoin,-93.29%
719,Anoncoin,-90.65%
720,Privatix,-89.15%
721,EncryptoTel [WAVES],-98.36%
722,ATLANT,-97.56%
723,FintruX Network,-90.03%
724,Capricoin,-65.02%
725,B3Coin,-99.91%
726,Insights Network,-90.50%
727,Gladius Token,-84.25%
728,HiCoin,-99.39%
729,CHIPS,-93.39%
730,NuBits,-97.61%
731,Gatcoin,-92.97%
732,Social Send,-93.59%
733,Starta,-84.87%
734,Riecoin,-90.61%
735,Memetic / PepeCoin,-93.71%
736,LiteDoge,-79.91%
737,Breakout Stake,-88.64%
738,HOQU,-78.58%
739,Sumokoin,-96.83%
740,Sharechain,-95.19%
741,ExclusiveCoin,-89.86%
742,AdShares,-94.92%
743,BitStation,-88.11%
744,Yocoin,-95.09%
745,eBoost,-95.88%
746,Hackspace Capital,-91.69%
747,Starbase,-99.85%
748,Vezt,-94.08%
749,ATBCoin,-96.93%
750,Interstellar Holdings,-98.39%
751,Spectre.ai Utility Token,-90.16%
752,VeriumReserve,-94.00%
753,IP Exchange,-85.62%
754,Darcrus,-82.44%
755,Sugar Exchange,-91.89%
756,Terracoin,-95.06%
757,FidentiaX,-98.84%
758,FedoraCoin,-95.95%
759,COPYTRACK,-77.35%
760,HyperStake,-95.55%
761,Sharpe Platform Token,-60.71%
762,BiblePay,-97.11%
763,Zeitcoin,-94.85%
764,vSlice,-95.20%
765,Digix Gold Token,-16.39%
766,Obsidian,-97.05%
767,Aditus,-88.00%
768,Maverick Chain,-93.71%
769,HEROcoin,-94.89%
770,CannabisCoin,-95.78%
771,SportyCo,-95.32%
772,Chainium,-75.80%
773,Oyster Shell,-80.54%
774,Utrum,-66.35%
775,Crave,-99.24%
776,Sexcoin,-94.66%
777,BlockCAT,-96.31%
778,Breakout,-99.99%
779,EZToken,-88.04%
780,Zoin,-97.25%
781,AudioCoin,-95.42%
782,MyWish,-96.78%
783,Karbo,-89.32%
784,Stipend,-88.47%
785,Voise,-98.04%
786,Xenon,-99.16%
787,Neutron,-96.00%
788,BuzzCoin,-96.49%
789,Rupaya,-86.72%
790,Naviaddress,-68.20%
791,Vice Industry Token,-80.98%
792,FORCE,-96.55%
793,Coinlancer,-94.48%
794,EverGreenCoin,-88.82%
795,HunterCoin,-93.57%
796,Bitmark,-97.28%
797,Condensate,-95.99%
798,Hush,-98.63%
799,BioCoin,-86.29%
800,TokenStars,-49.94%
801,CampusCoin,-94.53%
802,Lampix,-96.97%
803,Aigang,-95.80%
804,Ethbits,-96.86%
805,SyncFab,-83.01%
806,Viuly,-98.56%
807,WeAreSatoshi,-45.60%
808,Ace,-93.96%
809,Vcash,-95.12%
810,Bonpay,-96.49%
811,Digitalcoin,-93.72%
812,Tokia,-78.37%
813,Iungo,-89.57%
814,Tokenbox,-90.53%
815,SkinCoin,-88.92%
816,Denarius,-91.29%
817,Vulcano,-99.17%
818,Blockpool,-93.41%
819,Daneel,-86.91%
820,TeslaCoin,-89.10%
821,Bigbom,-60.69%
822,ChainCoin,-98.71%
823,Ixcoin,-92.26%
824,Paymon,-49.22%
825,TEAM (TokenStars),-45.94%
826,Verify,-97.90%
827,BoutsPro,-55.13%
828,CryptoPing,-90.78%
829,AMLT,-78.81%
830,Motocoin,-38.68%
831,FundRequest,-79.97%
832,BlitzPredict,-76.75%
833,Creativecoin,-95.05%
834,Bitswift,-89.36%
835,GCN Coin,-97.02%
836,e-Gulden,-88.84%
837,Amon,-83.37%
838,RefToken,-95.95%
839,APR Coin,-90.23%
840,TrustPlus,-92.40%
841,InflationCoin,-96.42%
842,PutinCoin,-98.82%
843,Vsync,-97.42%
844,Pylon Network,-90.37%
845,ACE (TokenStars),-94.04%
846,Ergo,-87.87%
847,Invacio,-80.22%
848,Fabric Token,-68.24%
849,Zero,-97.09%
850,Autonio,-98.37%
851,IntenseCoin,-97.48%
852,Creditbit,-97.78%
853,Bitcloud,-98.57%
854,Magi,-94.66%
855,WandX,-93.55%
856,onG.social,-98.83%
857,MicroMoney,-96.29%
858,StarterCoin,-87.60%
859,808Coin,-99.91%
860,eBitcoin,-97.62%
861,PlatinumBAR,-90.62%
862,DraftCoin,-98.28%
863,Stellite,-80.99%
864,42-coin,-84.44%
865,XGOX,-98.70%
866,Nullex,-89.85%
867,The ChampCoin,-99.30%
868,Chronologic,-95.24%
869,DCORP Utility,-78.45%
870,DigitalPrice,-90.28%
871,VIVO,-98.13%
872,PHI Token,-67.92%
873,STRAKS,-99.17%
874,Bytecent,-90.83%
875,Miners' Reward Token,-88.55%
876,The Cypherfunks,-93.83%
877,BitWhite,-92.59%
878,Photon,-96.66%
879,Argentum,-91.02%
880,Speed Mining Service,-90.32%
881,PeepCoin,-97.00%
882,HireMatch,-81.52%
883,CryCash,-74.77%
884,Jiyo,-72.75%
885,Signals Network,-65.12%
886,Galactrum,-95.76%
887,UnbreakableCoin,-90.99%
888,TrezarCoin,-98.83%
889,Parkgene,-81.79%
890,Bitzeny,-98.45%
891,DeusCoin,-91.35%
892,OP Coin,-99.60%
893,GoldMint,-93.77%
894,Innova,-99.01%
895,Stellar Holdings,-99.33%
896,FujiCoin,-93.71%
897,Monoeci,-98.99%
898,Unify,-93.86%
899,NEVERDIE,-92.54%
900,Live Stars,-79.20%
901,Earth Token,-86.65%
902,BigUp,-93.20%
903,Dinastycoin,-96.98%
904,Ellaism,-98.52%
905,Tidex Token,-89.51%
906,EtherSportz,-75.69%
907,NuShares,-99.17%
908,Suretly,-84.63%
909,Blocklancer,-91.34%
910,Deutsche eMark,-96.35%
911,Hat.Exchange,-98.19%
912,BriaCoin,-90.20%
913,Kolion,-90.12%
914,Machinecoin,-86.71%
915,Linx,-97.96%
916,Magnet,-99.29%
917,Intelligent Trading Foundation,-97.40%
918,MAZA,-98.54%
919,Grimcoin,-97.01%
920,Digital Money Bits,-95.79%
921,Cryptonite,-98.37%
922,Advanced Technology Coin,-93.66%
923,More Coin,-97.04%
924,FirstCoin,-99.91%
925,Origami,-85.86%
926,Happycoin,-91.69%
927,Biotron,-81.48%
928,Unitus,-93.36%
929,Cashcoin,-78.74%
930,Emphy,-94.94%
931,United Crypto Community,-95.05%
932,InsaneCoin,-95.30%
933,RouletteToken,-95.21%
934,Ignition,-98.61%
935,Soma,-93.50%
936,Authorship,-96.23%
937,Startcoin,-97.97%
938,Dix Asset,-100.00%
939,Dashcoin,
940,Zetacoin,-97.60%
941,bitJob,-96.78%
942,Bata,-93.65%
943,TokenDesk,-92.48%
944,Datarius Credit,-76.03%
945,Onix,-99.28%
946,Oceanlab,-94.15%
947,Veros,-77.00%
948,ELTCOIN,-98.01%
949,Mao Zedong,-80.01%
950,Elementrem,-94.72%
951,SagaCoin,-99.66%
952,Shekel,-95.41%
953,WhaleCoin,-95.18%
954,Minereum,-99.24%
955,MCAP,-99.71%
956,Centurion,-98.52%
957,Equal,-79.82%
958,SmileyCoin,-98.24%
959,AquariusCoin,-84.49%
960,Rimbit,-99.80%
961,Plancoin,-82.49%
962,Sparks,-98.08%
963,Opal,-91.17%
964,Phoenixcoin,-96.16%
965,ArbitrageCT,-93.99%
966,SecureCoin,-96.29%
967,Jetcoin,-96.64%
968,UltraCoin,-98.93%
969,Qvolta,-99.09%
970,Kubera Coin,-98.18%
971,ProCurrency,-99.61%
972,BelugaPay,-98.55%
973,GreenMed,-90.43%
974,Transcodium,-95.66%
975,PostCoin,-92.10%
976,AdCoin,-93.53%
977,bitGold,-57.81%
978,Titcoin,-94.15%
979,Atomic Coin,-98.67%
980,Bitsum,-91.81%
981,WCOIN,-86.05%
982,DaxxCoin,-98.70%
983,Cream,-96.81%
984,CarTaxi Token,-97.04%
985,CannaCoin,-93.27%
986,Harvest Masternode Coin,-98.14%
987,CrowdCoin,-99.87%
988,EagleCoin,-84.43%
989,Steneum Coin,-98.17%
990,Pakcoin,-95.50%
991,Litecoin Plus,-99.03%
992,Octoin Coin,-96.32%
993,Mineum,-95.71%
994,bitEUR,-49.33%
995,Bolivarcoin,-94.48%
996,Pascal Lite,-95.75%
997,X-Coin,-93.49%
998,EthBet,-98.42%
999,DigitalDevelopersFund,-94.76%
1000,Money,-89.93%
1001,Master Swiscoin,-99.87%
1002,Garlicoin,-98.39%
1003,Solarflarecoin,-83.91%
1004,Desire,-99.51%
1005,Eurocoin,-94.79%
1006,Nekonium,-99.60%
1007,VapersCoin,-93.75%
1008,Fujinto,-99.66%
1009,Qbic,-99.84%
1010,Peerguess,-99.14%
1011,Tokugawa,-99.30%
1012,SpeedCash,-97.77%
1013,StarCash Network,-99.19%
1014,LiteBitcoin,-97.63%
1015,BitCoal,-98.02%
1016,PayCon,-97.46%
1017,Coinonat,-98.05%
1018,ARbit,-93.43%
1019,GeyserCoin,-58.12%
1020,Royal Kingdom Coin,-99.95%
1021,BitAsean,-99.58%
1022,HarmonyCoin,-88.09%
1023,Lykke,-87.82%
1024,KiloCoin,-89.10%
1025,OBITS,-91.08%
1026,Target Coin,-97.21%
1027,Hedge,-95.85%
1028,AsiaCoin,-95.05%
1029,Sense,-70.39%
1030,Morpheus Network,-84.23%
1031,Dovu,-96.16%
1032,Monkey Project,-93.22%
1033,Opus,-89.84%
1034,DAO.Casino,-94.59%
1035,Astro,-83.94%
1036,Carboncoin,-93.48%
1037,TrakInvest,-90.43%
1038,Goodomy,-91.15%
1039,MUSE,
1040,Quark,-97.41%
1041,Ethorse,-89.83%
1042,E-coin,-94.07%
1043,PoSW Coin,-95.66%
1044,Ties.DB,-93.16%
1045,FlypMe,-96.03%
1046,RussiaCoin,-95.61%
1047,imbrex,-94.69%
1048,vTorrent,-93.43%
1049,Uniform Fiscal Object,-93.71%
1050,Fantomcoin,-74.47%
1051,EventChain,-96.81%
1052,I0Coin,-90.40%
1053,Jesus Coin,-91.26%
1054,Monster Byte,-67.35%
1055,NobleCoin,-97.80%
1056,BlueCoin,-93.96%
1057,Version,-94.62%
1058,Universe,-94.56%
1059,Kobocoin,-93.41%
1060,KekCoin,-80.98%
1061,WorldCoin,-99.12%
1062,PopularCoin,-93.64%
1063,Sovereign Hero,-27.41%
1064,MagicCoin,-98.07%
1065,Farad,-98.60%
1066,Canada eCoin,-87.69%
1067,MetalCoin,-75.09%
1068,EquiTrader,-97.88%
1069,Tracto,-97.91%
1070,Etheriya,-95.61%
1071,Mercury Protocol,-98.26%
1072,Orbitcoin,-82.35%
1073,IncaKoin,-99.37%
1074,Commodity Ad Network,-93.51%
1075,InPay,-85.99%
1076,Masternodecoin,-97.09%
1077,Abjcoin Commerce,-98.15%
1078,Woodcoin,-76.86%
1079,Adzcoin,-90.42%
1080,Musiconomi,-93.81%
1081,Cazcoin,-68.80%
1082,Elcoin,-86.42%
1083,UniCoin,-81.41%
1084,ConnectJob,-92.89%
1085,Moin,-94.35%
1086,Manna,-96.86%
1087,MarteXcoin,-98.10%
1088,NetCoin,-97.81%
1089,StarCredits,-92.13%
1090,Aerium,-99.85%
1091,Renos,-93.26%
1092,FlutterCoin,-95.35%
1093,Trollcoin,-90.27%
1094,FLiK,-97.36%
1095,PetroDollar,-90.84%
1096,Tigereum,-91.14%
1097,Bitdeal,-99.77%
1098,Synergy,-98.09%
1099,HoboNickels,-98.03%
1100,FundYourselfNow,-98.08%
1101,Zennies,-89.90%
1102,EBCH,-80.28%
1103,Piggycoin,-94.53%
1104,Advanced Internet Blocks,-87.17%
1105,Fastcoin,-95.48%
1106,LanaCoin,-92.29%
1107,Guncoin,-94.08%
1108,Megacoin,-99.55%
1109,Triangles,-93.09%
1110,bitBTC,-66.52%
1111,TrumpCoin,-96.00%
1112,Fantasy Cash,
1113,BTCtalkcoin,-88.66%
1114,Truckcoin,-82.68%
1115,Nyancoin,-89.03%
1116,Halcyon,-96.27%
1117,Growers International,-93.05%
1118,TittieCoin,-95.35%
1119,QubitCoin,-93.22%
1120,SuperCoin,-96.72%
1121,Skeincoin,-91.22%
1122,Embers,-98.92%
1123,bitSilver,-81.83%
1124,iTicoin,-95.96%
1125,Joulecoin,-90.05%
1126,iEthereum,-96.66%
1127,Numus,-99.49%
1128,Bitradio,-96.00%
1129,Bitcoin Scrypt,-96.06%
1130,TagCoin,-98.69%
1131,ICO OpenLedger,-95.33%
1132,Ethereum Cash,-98.43%
1133,Nitro,-94.42%
1134,BitBar,-96.71%
1135,Ethereum Movie Venture,-99.62%
1136,Bitstar,-93.19%
1137,Aricoin,-95.20%
1138,Ultimate Secure Cash,-96.21%
1139,Wild Crypto,-99.31%
1140,BritCoin,-95.72%
1141,Tigercoin,-85.49%
1142,Blakecoin,-89.35%
1143,Prototanium,-85.84%
1144,VoteCoin,-93.48%
1145,Evil Coin,-89.77%
1146,Leviar,-97.57%
1147,Bowhead,-98.71%
1148,Bitcurrency,-94.01%
1149,Kurrent,-94.54%
1150,HOdlcoin,-98.41%
1151,IslaCoin,-54.53%
1152,Bitair,-97.89%
1153,Regalcoin,-99.98%
1154,GlobalBoost-Y,-87.17%
1155,Bitgem,-95.66%
1156,Joincoin,-95.16%
1157,IrishCoin,-93.16%
1158,BlazeCoin,-82.04%
1159,Rubies,-96.24%
1160,SmartCoin,-96.18%
1161,Marscoin,-88.43%
1162,PayCoin,-99.86%
1163,iCoin,-96.63%
1164,KushCoin,-88.42%
1165,ChessCoin,-92.05%
1166,Ammo Reloaded,-92.22%
1167,GlobalCoin,-88.78%
1168,Emerald Crypto,-80.23%
1169,TEKcoin,-99.98%
1170,Philosopher Stones,-86.14%
1171,Netko,-95.97%
1172,Accelerator Network,-98.17%
1173,Gapcoin,-96.29%
1174,MojoCoin,-94.76%
1175,OctoCoin,-93.61%
1176,Golfcoin,-84.79%
1177,Zilbercoin,-99.74%
1178,ParallelCoin,-84.79%
1179,Ethereum Gold,-97.44%
1180,Senderon,-93.43%
1181,Ratecoin,-88.04%
1182,TOKYO,-92.52%
1183,Freicoin,-98.94%
1184,Sterlingcoin,-88.34%
1185,EcoCoin,-97.14%
1186,GlobalToken,-93.80%
1187,Bitcoin Red,-98.85%
1188,Swing,-93.25%
1189,GoldBlocks,-97.12%
1190,Impact,-62.62%
1191,WavesGo,-94.84%
1192,Crystal Clear,-98.87%
1193,PureVidz,-99.57%
1194,300 Token,-84.91%
1195,Cryptojacks,-97.89%
1196,ZoZoCoin,-97.05%
1197,Billionaire Token,-97.03%
1198,DigiCube,-100.00%
1199,Coin2.1,-89.96%
1200,Octanox,-97.94%
1201,JavaScript Token,-42.74%
1202,NevaCoin,-90.90%
1203,ParkByte,-98.96%
1204,Darsek,-94.83%
1205,LeaCoin,-94.21%
1206,PiplCoin,-98.45%
1207,Signatum,-99.16%
1208,BERNcash,-90.25%
1209,Bitcoin 21,-63.72%
1210,High Voltage,-94.52%
1211,MustangCoin,-85.03%
1212,QuazarCoin,-98.69%
1213,SpaceCoin,-97.69%
1214,C-Bit,-96.10%
1215,AllSafe,
1216,LiteBar,-94.81%
1217,Helleniccoin,-97.81%
1218,DROXNE,-98.39%
1219,Bitcoin Fast,-97.77%
1220,Safe Trade Coin,-98.85%
1221,RevolverCoin,-90.24%
1222,Influxcoin,-97.90%
1223,Jin Coin,-88.38%
1224,SecretCoin,-81.80%
1225,Dollarcoin,-97.29%
1226,Quatloo,-89.94%
1227,Acoin,-90.72%
1228,Crypto,-94.35%
1229,CryptoInsight,-96.98%
1230,Mincoin,-97.92%
1231,BoostCoin,-98.52%
1232,Ccore,-98.35%
1233,Sativacoin,-90.78%
1234,Global Tour Coin,-91.66%
1235,Eternity,-98.30%
1236,CoinonatX,-99.05%
1237,BumbaCoin,-92.54%
1238,Coin(O),-97.95%
1239,RonPaulCoin,-99.72%
1240,TajCoin,-84.99%
1241,Datacoin,-99.57%
1242,Granite,-97.59%
1243,Prime-XI,-94.63%
1244,AmsterdamCoin,-96.35%
1245,Neuro,-95.54%
1246,8Bit,-96.06%
1247,MACRON,-99.39%
1248,Allion,-90.70%
1249,Dreamcoin,-70.16%
1250,Ethereum Dark,-98.77%
1251,Pure,-99.92%
1252,ChanCoin,-97.07%
1253,Zurcoin,-91.59%
1254,SixEleven,-94.54%
1255,Shadow Token,-96.34%
1256,Quebecoin,-96.70%
1257,Dalecoin,-93.72%
1258,Digital Rupees,-87.91%
1259,Polcoin,-91.69%
1260,HomeBlockCoin,-99.75%
1261,Debitcoin,-80.33%
1262,Theresa May Coin,-96.34%
1263,BOAT,-98.49%
1264,BitQuark,-96.86%
1265,Visio,-99.74%
1266,Bankcoin,-98.26%
1267,Elysium,-97.54%
1268,Fitrova,-99.86%
1269,Bitcoin Planet,-95.92%
1270,SOILcoin,-90.44%
1271,Catcoin,-99.03%
1272,Eryllium,-98.63%
1273,Network Token,-97.07%
1274,GoldPieces,-88.49%
1275,Independent Money System,-97.93%
1276,RedCoin,-96.91%
1277,Beatcoin,-93.26%
1278,GuccioneCoin,-83.10%
1279,SoonCoin,-99.21%
1280,Trident Group,-98.02%
1281,Veltor,-97.45%
1282,Honey,-98.42%
1283,Comet,-94.45%
1284,FuzzBalls,-97.48%
1285,YENTEN,-99.49%
1286,ICOBID,-97.62%
1287,BenjiRolls,-91.46%
1288,CompuCoin,-92.59%
1289,Roofs,-94.22%
1290,Useless Ethereum Token,-94.82%
1291,CacheCoin,-99.78%
1292,PoSToken,-99.38%
1293,ZetaMicron,-90.69%
1294,Escroco,-99.34%
1295,Californium,-77.71%
1296,VectorAI,-91.77%
1297,SongCoin,-96.36%
1298,Phantomx,-99.61%
1299,PIECoin,-94.65%
1300,Flaxscript,-95.40%
1301,Asiadigicoin,-99.89%
1302,ExchangeN,-93.25%
1303,Virtacoin,-99.86%
1304,Creatio,-96.49%
1305,BROTHER,-98.66%
1306,Gold Pressed Latinum,-96.80%
1307,BipCoin,-92.83%
1308,Zayedcoin,-76.83%
1309,Marijuanacoin,-97.44%
1310,HealthyWormCoin,-97.87%
1311,FUNCoin,-99.02%
1312,Virta Unique Coin,-99.34%
1313,JobsCoin,-74.98%
1314,BnrtxCoin,-96.76%
1315,Slevin,-94.74%
1316,LetItRide,-94.88%
1317,Wild Beast Block,-98.19%
1318,Iconic,-90.44%
1319,Litecred,-91.89%
1320,Cabbage,-94.63%
1321,PlayerCoin,-93.11%
1322,Credence Coin,-99.84%
1323,Bolenum,-96.34%
1324,GeertCoin,-92.26%
1325,Luna Coin,-97.97%
1326,MiloCoin,-93.25%
1327,Cannation,-99.32%
1328,PLNcoin,-94.35%
1329,Pioneer Coin,-99.03%
1330,Kronecoin,-99.30%
1331,PonziCoin,-90.66%
1332,PosEx,-88.67%
1333,KingN Coin,-88.21%
1334,Save and Gain,-96.31%
1335,BowsCoin,-84.67%
1336,Bitvolt,-91.35%
1337,LiteCoin Ultra,-97.97%
1338,GlassCoin,-99.59%
1339,FuturXe,-99.99%
1340,PRCoin,-98.65%
1341,SocialCoin,-92.19%
1342,Argus,-93.13%
1343,AnarchistsPrime,-96.61%
1344,iBank,-89.95%
1345,Dollar Online,-93.87%
1346,Concoin,-84.83%
1347,Tezos (Pre-Launch),-73.46%
1348,Coupecoin,-96.81%
1349,Coimatic 2.0,-97.43%
1350,Interzone,-99.55%
1351,CrevaCoin,-99.89%
1352,Rawcoin,-94.70%
1353,Magnum,-99.21%
1354,Artex Coin,-99.07%
1355,Coimatic 3.0,-99.99%
1356,WomenCoin,-99.85%
1357,LevoPlus,-99.69%
1358,Vault Coin,-99.90%
1359,Ulatech,-96.87%
1360,Tristar Coin,-99.91%
1361,POLY AI,-100.00%
1362,CK USD,-5.38%
1363,Infinity Economics,-91.04%
1364,ATMCoin,-77.38%
1365,InvestDigital,-81.82%
1366,Kcash,-60.89%
1367,ZIP,-49.48%
1368,EduCoin,-66.73%
1369,Penta,-95.26%
1370,Content and AD Network,-88.84%
1371,Seele,-52.67%
1372,Content Neutrality Network,-66.42%
1373,Libra Credit,-57.18%
1374,FuturoCoin,-10.58%
1375,Acute Angle Cloud,-86.48%
1376,Super Bitcoin,-97.65%
1377,Skrumble Network,-84.54%
1378,ChatCoin,-93.56%
1379,Tripio,-68.51%
1380,OFCOIN,-87.19%
1381,ValueChain,-83.50%
1382,Filecoin [Futures],-74.37%
1383,Show,-81.36%
1384,Molecular Future,-49.45%
1385,Open Platform,-78.89%
1386,FairGame,-88.62%
1387,Freyrchain,-47.76%
1388,CoinMeet,-82.20%
1389,LightChain,-91.36%
1390,WETH,-86.19%
1391,United Bitcoin,-98.73%
1392,Aidos Kuneen,-74.04%
1393,StarChain,-82.03%
1394,Dignity,-63.79%
1395,Cybereits,-40.89%
1396,Read,-84.05%
1397,BitcoinX,-93.11%
1398,MyToken,-68.45%
1399,Lightning Bitcoin,-98.97%
1400,Exchange Union,-75.19%
1401,Global Social Chain,-74.44%
1402,InsurChain,-48.36%
1403,Level Up Coin,-76.59%
1404,HalalChain,-83.65%
1405,Influence Chain,-72.91%
1406,TopChain,-88.85%
1407,TRAXIA,-45.57%
1408,WINCOIN,-85.70%
1409,IPChain,-76.48%
1410,KEY,-63.06%
1411,StockChain,-92.65%
1412,StarCoin,-88.54%
1413,UnlimitedIP,-85.52%
1414,Super Game Chain,-67.37%
1415,OceanChain,-91.98%
1416,EJOY,-93.88%
1417,Engine,-57.93%
1418,Dragon Coins,-80.84%
1419,Intelligent Investment Chain,-74.04%
1420,Bankera,-34.25%
1421,Bitcoin God,-83.55%
1422,SalPay,-67.04%
1423,SPINDLE,-66.10%
1424,Loopring [NEO],-89.21%
1425,Etherecash,-98.61%
1426,DasCoin,-66.33%
1427,Jingtum Tech,-81.96%
1428,PressOne,-86.54%
1429,REPO,-10.08%
1430,Qube,-88.49%
1431,Couchain,-58.65%
1432,Rhenium,-93.94%
1433,Monero Classic,-81.94%
1434,Consensus,-76.69%
1435,MSD,-91.87%
1436,Sphre AIR,-87.86%
1437,iQuant,-97.07%
1438,Infinitecoin,-97.19%
1439,COMSA [ETH],-92.92%
1440,SegWit2x,-99.98%
1441,SnipCoin,-64.91%
1442,BlockCDN,-96.60%
1443,Maggie,-93.11%
1444,Monero Original,-81.62%
1445,ClubCoin,-91.95%
1446,Swisscoin,-98.26%
1447,COMSA [XEM],-92.84%
1448,CryptopiaFeeShares,-89.99%
1449,Animation Vision Cash,-91.23%
1450,BlockMesh,-78.70%
1451,Pixie Coin,-62.33%
1452,Hyper Pay,-93.72%
1453,Magnetcoin,-98.55%
1454,W3Coin,-90.08%
1455,Vipstar Coin,-42.64%
1456,GameChain System,-89.81%
1457,Candy,-80.68%
1458,Levocoin,-99.49%
1459,Powercoin,-99.73%
1460,TeslaCoilCoin,-75.03%
1461,Internet of Things,-94.21%
1462,President Trump,-95.40%
1463,SHACoin,-96.98%
1464,President Johnson,-97.00%
1465,TerraNova,-99.94%
1466,First Bitcoin Capital,-92.60%
1467,WA Space,-98.95%
1468,Lendroid Support Token,-65.17%
1469,Golos Gold,-87.57%
1470,Superior Coin,-91.82%
1471,Animecoin,-68.89%
1472,ContractNet,-82.37%
1473,ZenGold,-97.52%
1474,Budbo,-63.37%
1475,EtherDelta Token,-98.09%
1476,EmberCoin,-99.96%
1477,Arbitracoin,-97.92%
1478,BT2 [CST],-98.09%
1479,EDRCoin,-97.63%
1480,Decentralized Machine Learning,-91.35%
1481,Electronic PK Chain,-84.61%
1482,ERC20,
1483,Cubits,-97.79%
1484,ERA,-94.10%
1485,EA Coin,-99.92%
1486,MIRQ,-98.64%
1487,AvatarCoin,-87.50%
1488,Hero,-77.18%
1489,Rupee,-94.31%
1490,CORION,-95.03%
1491,Cloud,-90.96%
1492,UR,-95.20%
1493,ACChain,-92.57%
1494,BitSoar,-99.95%
1495,Fargocoin,-98.69%
1496,Cropcoin,-99.30%
1497,Indicoin,-81.87%
1498,RabbitCoin,-76.55%
1499,Royalties,-99.99%
1500,Alphabit,-92.54%
1501,High Gain,-95.38%
1502,Storjcoin X,-71.42%
1503,Francs,-96.17%
1504,T-coin,-96.66%
1505,SIGMAcoin,-96.71%
1506,MarxCoin,-83.98%
1507,Slothcoin,-97.41%
1508,Ether Zero,-52.25%
1509,GOLD Reward Token,-99.95%
1510,BTCMoon,-94.36%
1511,Runners,-90.41%
1512,Quotient,-96.02%
1513,Wi Coin,-99.21%
1514,NEO GOLD,-97.66%
1515,STEX,-94.88%
1516,UniversalRoyalCoin,-98.33%
1517,Sakuracoin,-95.23%
1518,KlondikeCoin,-84.09%
1519,FAPcoin,-98.99%
1520,HODL Bucks,-98.74%
1521,CoffeeCoin,-82.46%
1522,EncryptoTel [ETH],-89.82%
1523,Tellurion,-97.93%
1524,DynamicCoin,-99.98%
1525,Akuya Coin,-99.94%
1526,ZSEcoin,-98.74%
1527,Birds,-88.44%
1528,Donationcoin,-91.61%
1529,BitSerial,-99.97%
1530,Protean,-96.73%
1531,Shopin,-43.89%
1532,Ethereum Lite,-72.65%
1533,First Bitcoin,-94.23%
1534,BetaCoin,-98.74%
1535,CryptCoin,-95.86%
1536,BlazerCoin,-92.78%
1537,SJWCoin,
1538,UGAIN,-98.45%
1539,TopCoin,-93.51%
1540,PlexCoin,-94.79%
1541,Cheapcoin,-87.01%
1542,Pabyosi Coin (Special),-87.57%
1543,Hyper,-95.51%
1544,SuperNET,-84.91%
1545,NamoCoin,-95.09%
1546,Aces,-97.53%
1547,Axiom,-66.42%
1548,Omicron,-95.18%
1549,Huncoin,-94.89%
1550,Bubble,-98.82%
1551,GoldMaxCoin,-99.88%
1552,RichCoin,-89.24%
1553,Regacoin,-96.89%
1554,Smoke,-86.89%
1555,GrandCoin,-91.73%
1556,Sharkcoin,-99.81%
1557,EggCoin,-88.84%
1558,ShellCoin,-86.89%
1559,PROUD Money,-99.75%
1560,Rcoin,-95.93%
1561,Halloween Coin,-88.06%
1562,Bitok,-100.00%
1563,Antimatter,-94.92%
1564,TurboCoin,-90.03%
1565,Aseancoin,-95.88%
1566,Minex,-98.96%
1567,Wink,-96.88%
1568,XTD Coin,-86.36%
1569,Cyder,-99.73%
1570,Bastonet,-98.55%
1571,Dutch Coin,-90.13%
1572,Bitbase,-97.33%
1573,StrikeBitClub,-99.92%
1574,Rublix,-63.48%
1575,SISA,-86.46%
1576,BigONE Token,-90.90%
1577,ENTCash,-85.06%
1578,NumusCash,-94.72%
1579,Curriculum Vitae,-87.78%
1580,PrismChain,-92.51%
1581,LandCoin,-99.75%
1582,Avoncoin,-99.69%
1583,BioBar,-86.54%
