Rank,Symbol,Name,MarketCap USD,Volume24h USD,Vol/Mcap,HMA
1,BTC,Bitcoin,"141,066,626,602.00","6,957,480,000.00",4.93%,
7,LTC,Litecoin,"5,048,165,785.00","419,044,000.00",8.30%,-100.00%
266,NMC,Namecoin,"23,546,704.00","313,895.00",1.33%,-100.00%
769,TRC,Terracoin,"2,170,881.00","5,612.65",0.26%,-100.00%
154,PPC,Peercoin,"47,840,629.00","857,831.00",1.79%,-100.00%
480,NVC,Novacoin,"8,473,159.00","74,428.20",0.88%,-100.00%
314,FTC,Feathercoin,"18,405,705.00","139,655.00",0.76%,-100.00%
1261,MNC,Mincoin,"115,313.00",131.63,0.11%,-100.00%
845,IXC,Ixcoin,"1,354,213.00",842.88,0.06%,-100.00%
1162,BTB,BitBar,"331,679.00",62.43,0.02%,-100.00%
1086,WDC,WorldCoin,"983,226.00",214.60,0.02%,-100.00%
826,DGC,Digitalcoin,"1,481,992.00","2,177.52",0.15%,-100.00%
701,GLD,GoldCoin,"2,993,483.00","7,988.48",0.27%,-100.00%
901,ARG,Argentum,"820,181.00","1,412.68",0.17%,-100.00%
1131,FST,Fastcoin,"477,265.00",123.72,0.03%,-100.00%
1183,BTG,Bitgem,"256,963.00",391.57,0.15%,-100.00%
990,PXC,Phoenixcoin,"319,015.00",947.36,0.30%,-100.00%
1134,MEC,Megacoin,"453,313.00",18.79,0.00%,-100.00%
201,XPM,Primecoin,"34,509,589.00","626,728.00",1.82%,-100.00%
733,ANC,Anoncoin,"2,551,690.00","1,818.25",0.07%,1357.79%
214,CSC,CasinoCoin,"32,110,116.00","49,260.70",0.15%,-100.00%
729,CBX,Bullion,"2,625,194.00",619.34,0.02%,29.32%
1195,EMD,Emerald Crypto,"234,156.00",60.00,0.03%,-19.64%
3,XRP,XRP,"17,786,493,836.00","307,500,000.00",1.73%,-100.00%
1066,QRK,Quark,"2,041,545.00",127.00,0.01%,-100.00%
951,ZET,Zetacoin,"525,532.00","77,721.80",14.79%,-100.00%
1001,SRC,SecureCoin,"244,510.00",736.79,0.30%,41.07%
793,SXC,Sexcoin,"1,931,792.00","1,649.57",0.09%,-100.00%
1157,TAG,TagCoin,"345,897.00",80.39,0.02%,-100.00%
1077,I0C,I0Coin,"1,311,519.00",338.76,0.03%,-100.00%
494,FLO,FlorinCoin,"7,820,175.00","19,697.90",0.25%,-100.00%
90,NXT,Nxt,"105,533,355.00","3,002,660.00",2.85%,-100.00%
216,UNO,Unobtanium,"31,770,627.00","24,071.00",0.08%,-100.00%
1151,XJO,Joulecoin,"360,736.00",41.91,0.01%,-100.00%
1108,DEM,Deutsche eMark,"667,449.00",496.57,0.07%,-100.00%
35,DOGE,Dogecoin,"411,486,503.00","9,691,850.00",2.36%,3.80%
1115,NET,NetCoin,"582,350.00",106.06,0.02%,-100.00%
1198,PHS,Philosopher Stones,"228,416.00",10.09,0.00%,-100.00%
452,DMD,Diamond,"9,685,935.00","48,554.90",0.50%,-100.00%
1127,HBN,HoboNickels,"500,987.00",9.74,0.00%,-100.00%
1166,TGC,Tigercoin,"307,788.00",60.10,0.02%,-100.00%
1097,ORB,Orbitcoin,"802,194.00",60.97,0.01%,-100.00%
518,OMNI,Omni,"7,059,708.00","31,081.90",0.44%,-100.00%
1299,CAT,Catcoin,"77,249.00",15.18,0.02%,1.01%
773,TIPS,FedoraCoin,"2,134,395.00","7,358.05",0.34%,11.84%
1266,RPC,RonPaulCoin,"111,989.00",79.57,0.07%,-100.00%
354,MOON,Mooncoin,"14,667,245.00","1,557.49",0.01%,-100.00%
399,DIME,Dimecoin,"11,999,754.00","10,791.00",0.09%,-100.00%
887,42,42-coin,"971,489.00",767.50,0.08%,-100.00%
160,VTC,Vertcoin,"46,348,526.00","750,155.00",1.62%,42.89%
1304,RED,RedCoin,"67,012.00",74.33,0.11%,-100.00%
30,DGB,DigiByte,"506,962,197.00","9,937,510.00",1.96%,-4.73%
1188,SMC,SmartCoin,"251,313.00",44.58,0.02%,-100.00%
839,TES,TeslaCoin,"1,393,207.00","1,156.97",0.08%,-100.00%
1080,NOBL,NobleCoin,"1,150,593.00",61.22,0.01%,-100.00%
74,RDD,ReddCoin,"133,627,488.00","4,871,040.00",3.65%,-100.00%
1141,NYAN,Nyancoin,"423,505.00",162.59,0.04%,-0.39%
993,UTC,UltraCoin,"294,561.00","7,923.24",2.69%,69.52%
423,POT,PotCoin,"10,938,044.00","73,692.20",0.67%,-100.00%
1167,BLC,Blakecoin,"301,818.00",175.06,0.06%,-100.00%
650,MAX,MaxCoin,"3,871,817.00","2,749.77",0.07%,-100.00%
1146,Q2C,QubitCoin,"409,383.00",167.97,0.04%,-100.00%
813,HUC,HunterCoin,"1,629,346.00","1,644.57",0.10%,30.33%
14,DASH,Dash,"2,050,114,649.00","100,313,000.00",4.89%,-100.00%
287,XCP,Counterparty,"21,537,602.00","128,666.00",0.60%,-100.00%
1320,CACH,CacheCoin,"52,763.00",56.97,0.11%,-100.00%
1191,ICN,iCoin,"245,158.00",8.10,0.00%,-100.00%
544,MINT,Mintcoin,"6,152,319.00","3,320.82",0.05%,-100.00%
1165,ARI,Aricoin,"324,820.00",99.94,0.03%,-100.00%
713,DOPE,DopeCoin,"2,814,334.00","13,470.10",0.48%,9.26%
696,AUR,Auroracoin,"3,082,696.00","13,800.70",0.45%,-100.00%
679,PTC,Pesetacoin,"3,371,875.00","8,310.53",0.25%,-100.00%
1189,MARS,Marscoin,"251,065.00",71.47,0.03%,-100.00%
950,CASH,Cashcoin,"533,012.00","179,542.00",33.68%,-100.00%
749,RIC,Riecoin,"2,374,635.00","5,004.92",0.21%,-100.00%
529,PND,Pandacoin,"6,514,331.00","2,792.16",0.04%,18.50%
939,MAZA,MAZA,"607,281.00","1,528.92",0.25%,
1074,UFO,Uniform Fiscal Object,"1,499,309.00",104.16,0.01%,-100.00%
370,BLK,BlackCoin,"13,849,701.00","672,126.00",4.85%,-100.00%
1241,LTB,LiteBar,"140,628.00",79.84,0.06%,-100.00%
902,PHO,Photon,"816,571.00",994.84,0.12%,-100.00%
781,ZEIT,Zeitcoin,"2,049,351.00","1,271.50",0.06%,-100.00%
525,XMY,Myriad,"6,698,818.00","23,898.70",0.36%,-100.00%
413,NOTE,DNotes,"11,334,600.00","82,601.90",0.73%,-100.00%
1140,SKC,Skeincoin,"425,450.00",345.87,0.08%,16.04%
234,EMC2,Einsteinium,"28,096,374.00","723,406.00",2.57%,-100.00%
1156,BTCS,Bitcoin Scrypt,"347,547.00",182.73,0.05%,-100.00%
1265,CNO,Coin(O),"112,576.00",27.64,0.02%,-100.00%
359,ECC,ECC,"14,385,825.00","3,667.86",0.03%,
72,MONA,MonaCoin,"135,475,936.00","802,853.00",0.59%,-100.00%
431,RBY,Rubycoin,"10,527,174.00","2,816.90",0.03%,-0.66%
431,RBY,Rubycoin,"10,527,174.00","2,816.90",0.03%,-0.66%
709,BELA,Bela,"2,880,634.00","4,014.92",0.14%,
1119,FLT,FlutterCoin,"574,055.00",32.83,0.01%,
1203,888,OctoCoin,"215,532.00",305.60,0.14%,
294,FAIR,FairCoin,"20,945,656.00","6,346.60",0.03%,
495,SLR,SolarCoin,"7,777,516.00","13,817.50",0.18%,
856,EFL,e-Gulden,"1,244,526.00",895.38,0.07%,
258,NLG,Gulden,"24,482,119.00","71,565.70",0.29%,
1287,PLC,Polcoin,"83,921.00",221.15,0.26%,
171,GRS,Groestlcoin,"43,267,835.00","3,389,670.00",7.83%,
1122,XPD,PetroDollar,"557,814.00",58.32,0.01%,
1353,PLNC,PLNcoin,"29,502.00",60.66,0.21%,
190,XWC,WhiteCoin,"37,061,666.00","212,183.00",0.57%,
1053,AC,AsiaCoin,"3,920,481.00",49.21,0.00%,
1087,POP,PopularCoin,"942,748.00",19.89,0.00%,
1164,BITS,Bitstar,"326,783.00",211.83,0.06%,
1284,QBC,Quebecoin,"89,703.00",71.58,0.08%,
1012,CCN,CannaCoin,"193,260.00","4,048.39",2.09%,
1081,BLU,BlueCoin,"1,126,547.00",78.77,0.01%,
55,MAID,MaidSafeCoin,"214,346,924.00","1,991,780.00",0.93%,
680,XBC,Bitcoin Plus,"3,359,082.00","166,075.00",4.94%,
1138,TALK,BTCtalkcoin,"429,376.00",31.27,0.01%,
479,NYC,NewYorkCoin,"8,485,231.00","9,748.56",0.11%,
1091,CDN,Canada eCoin,"874,597.00",418.72,0.05%,
1133,GUN,Guncoin,"455,641.00",420.42,0.09%,
605,PINK,PinkCoin,"4,656,474.00","43,005.60",0.92%,
601,ENRG,Energycoin,"4,706,065.00","9,793.37",0.21%,
454,VRC,VeriCoin,"9,547,244.00","337,662.00",3.54%,
1197,TEK,TEKcoin,"232,485.00",466.42,0.20%,
12,XMR,Monero,"2,301,154,827.00","34,345,800.00",1.49%,
1017,LCP,Litecoin Plus,"160,077.00",580.28,0.36%,
637,CURE,Curecoin,"4,097,165.00","7,867.57",0.19%,
909,UNB,UnbreakableCoin,"799,476.00","151,259.00",18.92%,
1147,SUPER,SuperCoin,"405,791.00",58.41,0.01%,
1258,BOST,BoostCoin,"116,949.00",26.67,0.02%,
1289,BTQ,BitQuark,"83,560.00",36.82,0.04%,
851,MOTO,Motocoin,"1,300,769.00","1,716.71",0.13%,
304,CLOAK,CloakCoin,"19,503,610.00","426,894.00",2.19%,
568,BSD,BitSend,"5,474,268.00","314,166.00",5.74%,
1226,C2,Coin2.1,"160,805.00",50.79,0.03%,
24,BCN,Bytecoin,"562,379,386.00","8,947,750.00",1.59%,
660,ABY,ArtByte,"3,708,678.00","14,032.40",0.38%,
247,NAV,NavCoin,"25,837,328.00","468,471.00",1.81%,
1269,GRN,Granite,"107,780.00",154.14,0.14%,
1130,PIGGY,Piggycoin,"482,650.00",36.41,0.01%,
958,START,Startcoin,"487,628.00",762.31,0.16%,
694,KORE,Kore,"3,084,461.00","135,039.00",4.38%,
167,XDN,DigitalNote,"44,217,778.00","2,182,410.00",4.94%,
376,BBR,Boolberry,"13,614,318.00","7,808.84",0.06%,
1186,BLZ,BlazeCoin,"254,169.00",433.67,0.17%,
331,THC,HempCoin,"16,774,257.00","114,107.00",0.68%,
1153,BRIT,BritCoin,"349,669.00",27.50,0.01%,
556,XST,Stealth,"5,725,140.00","5,493.26",0.10%,
860,TRUST,TrustPlus,"1,189,591.00","2,494.50",0.21%,
443,CLAM,Clams,"10,088,057.00","29,217.20",0.29%,
1252,QTL,Quatloo,"129,444.00",10.53,0.01%,
25,BTS,BitShares,"551,779,243.00","15,152,600.00",2.75%,
132,BTCD,BitcoinDark,"59,192,027.00","150,570.00",0.25%,
1139,TRK,Truckcoin,"426,733.00",139.98,0.03%,
227,VIA,Viacoin,"29,960,886.00","428,072.00",1.43%,
1135,TRI,Triangles,"443,288.00",131.04,0.03%,
477,IOC,I/O Coin,"8,528,977.00","5,717.32",0.07%,
944,XCN,Cryptonite,"596,244.00","1,030.88",0.17%,
1062,CARBON,Carboncoin,"2,527,001.00",427.80,0.02%,
788,CANN,CannabisCoin,"1,964,553.00","8,988.02",0.46%,
6,XLM,Stellar,"5,607,744,049.00","104,510,000.00",1.86%,
1004,TIT,Titcoin,"238,360.00","1,785.86",0.75%,
1332,VTA,Virtacoin,"41,017.00",32.87,0.08%,
775,HYP,HyperStake,"2,111,300.00","1,820.76",0.09%,
1184,J,Joincoin,"254,504.00",5.52,0.00%,
104,SYS,Syscoin,"90,029,528.00","6,115,660.00",6.79%,
816,BTM,Bitmark,"1,593,568.00","59,236.00",3.72%,
1142,HAL,Halcyon,"422,164.00",45.68,0.01%,
555,NEOS,NeosCoin,"5,735,180.00","134,812.00",2.35%,
73,EMC,Emercoin,"133,915,915.00","2,311,520.00",1.73%,
246,BURST,Burst,"25,959,007.00","585,850.00",2.26%,
226,GAME,GameCredits,"30,112,384.00","254,934.00",0.85%,
825,WSX,WeAreSatoshi,"1,512,522.00","1,889.65",0.12%,
148,UBQ,Ubiq,"50,735,912.00","332,938.00",0.66%,
608,BUN,BunnyCoin,"4,605,747.00","2,616.32",0.06%,
988,OPAL,Opal,"327,710.00",727.04,0.22%,
1253,ACOIN,Acoin,"122,462.00",39.53,0.03%,
567,FLDC,FoldingCoin,"5,509,985.00","23,156.80",0.42%,
400,BITUSD,bitUSD,"11,925,932.00","880,006.00",7.38%,
194,BITCNY,bitCNY,"36,014,349.00","15,170,900.00",42.12%,
1136,BITBTC,bitBTC,"441,818.00",321.64,0.07%,
723,USNBT,NuBits,"2,687,496.00","92,572.70",3.44%,
1202,SLG,Sterlingcoin,"219,986.00",84.98,0.04%,
872,XMG,Magi,"1,105,541.00","4,480.27",0.41%,
757,EXCL,ExclusiveCoin,"2,283,268.00","267,770.00",11.73%,
1120,TROLL,Trollcoin,"569,468.00",84.30,0.01%,
1182,BSTY,GlobalBoost-Y,"259,063.00",499.75,0.19%,
891,DP,DigitalPrice,"957,753.00","1,663.14",0.17%,
1270,PXI,Prime-XI,"106,779.00",61.14,0.06%,
855,BITS,Bitswift,"1,245,410.00","6,865.29",0.55%,
965,DSH,Dashcoin,"447,872.00","1,221.79",0.27%,
409,AU,AurumCoin,"11,499,820.00","1,175.06",0.01%,
1259,STV,Sativacoin,"115,542.00",153.32,0.13%,
39,XVG,Verge,"356,317,958.00","9,939,800.00",2.79%,
930,NSR,NuShares,"684,995.00",658.83,0.10%,
734,SPR,SpreadCoin,"2,549,456.00","4,378.95",0.17%,
986,RBT,Rimbit,"339,419.00","1,771.72",0.52%,
453,MUE,MonetaryUnit,"9,641,940.00","48,384.50",0.50%,
127,BLOCK,Blocknet,"65,208,501.00","353,128.00",0.54%,
1200,GAP,Gapcoin,"223,057.00",118.70,0.05%,
1144,TTC,TittieCoin,"416,534.00",157.46,0.04%,
455,CRW,Crown,"9,512,268.00","32,418.90",0.34%,
195,BAY,BitBay,"35,550,648.00","504,571.00",1.42%,
866,GCN,GCN Coin,"1,133,472.00","2,143.14",0.19%,
898,BYC,Bytecent,"845,012.00","5,628.84",0.67%,
1244,BCF,Bitcoin Fast,"135,614.00",307.92,0.23%,
588,OK,OKCash,"5,133,554.00","228,440.00",4.45%,
1190,XPY,PayCoin,"245,887.00",29.92,0.01%,
1003,BITGOLD,bitGold,"239,852.00","2,333.32",0.97%,
959,UIS,Unitus,"483,494.00",777.94,0.16%,
1302,GP,GoldPieces,"73,309.00",125.39,0.17%,
640,COVAL,Circuits of Value,"4,028,030.00","8,591.29",0.21%,
110,NXS,Nexus,"82,104,029.00","1,847,330.00",2.25%,
1308,SOON,SoonCoin,"63,518.00",209.11,0.33%,
1093,METAL,MetalCoin,"822,072.00",16.83,0.00%,
1098,NKA,IncaKoin,"786,364.00",58.22,0.01%,
982,SMLY,SmileyCoin,"344,968.00",697.39,0.20%,
935,MAC,Machinecoin,"637,692.00","1,145.61",0.18%,
1149,BITSILVER,bitSilver,"386,468.00",369.10,0.10%,
592,DOT,Dotcoin,"5,014,878.00","61,416.40",1.22%,
1084,KOBO,Kobocoin,"1,017,270.00",134.02,0.01%,
1040,CON,PayCon,"37,884.00",709.35,1.87%,
442,BITB,Bean Cash,"10,103,251.00","213,404.00",2.11%,
735,GEO,GeoCoin,"2,544,117.00","12,897.70",0.51%,
10,USDT,Tether,"2,498,601,026.00","4,193,210,000.00",167.82%,
1346,WBB,Wild Beast Block,"33,798.00",115.01,0.34%,
390,GRC,GridCoin,"12,779,854.00","16,329.70",0.13%,
819,XVC,Vcash,"1,562,027.00","3,596.36",0.23%,
1023,XCO,X-Coin,"121,380.00","3,268.98",2.69%,
750,LDOGE,LiteDoge,"2,358,249.00","3,280.85",0.14%,
1327,SONG,SongCoin,"45,937.00",78.71,0.17%,
1103,LOG,Woodcoin,"733,850.00",2.82,0.00%,
785,CRAVE,Crave,"2,027,844.00","3,204.75",0.16%,
364,PURA,Pura,"14,261,944.00","124,859.00",0.88%,
16,XEM,NEM,"1,591,488,000.00","13,352,900.00",0.84%,
1232,LEA,LeaCoin,"154,329.00",74.88,0.05%,
805,NTRN,Neutron,"1,777,357.00","5,890.24",0.33%,
616,XAUR,Xaurum,"4,519,687.00","18,573.20",0.41%,
1324,CF,Californium,"48,679.00",87.66,0.18%,
730,SPHR,Sphere,"2,619,735.00","249,161.00",9.51%,
587,MEDIC,MedicCoin,"5,142,039.00","7,783.32",0.15%,
655,UNIT,Universal Currency,"3,831,628.00","49,252.90",1.29%,
1257,CTO,Crypto,"118,620.00",82.11,0.07%,
1042,ARB,ARbit,"28,997.00","981,213.00",3383.84%,
534,GAM,Gambit,"6,356,202.00","9,740.59",0.15%,
964,BTA,Bata,"451,324.00","1,348.36",0.30%,
802,ADC,AudioCoin,"1,789,694.00","11,557.80",0.65%,
1125,SNRG,Synergy,"536,853.00",91.44,0.02%,
1020,BITEUR,bitEUR,"133,772.00","1,992.65",1.49%,
1110,UNIC,UniCoin,"651,943.00",40.30,0.01%,
918,FJC,FujiCoin,"751,168.00","5,239.76",0.70%,
695,ERC,EuropeCoin,"3,084,361.00","3,225.91",0.10%,
906,FUNK,The Cypherfunks,"803,206.00","1,482.03",0.18%,
528,HXX,Hexx,"6,559,901.00","38,339.40",0.58%,
1210,XRA,Ratecoin,"201,319.00",181.14,0.09%,
1378,CREVA,CrevaCoin,"5,927.00",146.70,2.48%,
1185,IRL,IrishCoin,"254,351.00",57.59,0.02%,
910,ZNY,Bitzeny,"796,810.00","1,666.57",0.21%,
1364,BSC,BowsCoin,"19,162.00",156.41,0.82%,
1371,ACP,AnarchistsPrime,"12,283.00",5.87,0.05%,
1317,CPN,CompuCoin,"54,823.00",21.05,0.04%,
837,CHC,ChainCoin,"1,396,626.00","1,549.32",0.11%,
648,SPRTS,Sprouts,"3,900,774.00","20,131.90",0.52%,
1242,HNC,Helleniccoin,"138,363.00",110.15,0.08%,
743,CPC,Capricoin,"2,465,586.00","103,893.00",4.21%,
1329,FLAX,Flaxscript,"43,483.00",41.51,0.10%,
1113,MANNA,Manna,"629,533.00",99.93,0.02%,
292,LEO,LEOcoin,"21,107,952.00","1,267,120.00",6.00%,
244,AEON,Aeon,"26,671,734.00","23,131.10",0.09%,
2,ETH,Ethereum,"47,867,225,885.00","2,231,080,000.00",4.66%,
672,TX,TransferCoin,"3,490,229.00","2,409,280.00",69.03%,
1306,GCC,GuccioneCoin,"65,035.00",224.23,0.34%,
1271,AMS,AmsterdamCoin,"102,026.00",10.30,0.01%,
1030,EUC,Eurocoin,"68,529.00",864.63,1.26%,
36,SC,Siacoin,"379,551,872.00","14,050,000.00",3.70%,
478,GCR,Global Currency Reserve,"8,486,138.00","5,757.67",0.07%,
353,SHIFT,Shift,"14,669,442.00","66,498.10",0.45%,
1021,BOLI,Bolivarcoin,"130,578.00",570.37,0.44%,
1239,SPACE,SpaceCoin,"145,276.00",385.62,0.27%,
596,BCY,Bitcrystals,"4,941,454.00","8,049.85",0.16%,
1018,PAK,Pakcoin,"158,237.00",510.79,0.32%,
1247,INFX,Influxcoin,"134,121.00",106.83,0.08%,
429,EXP,Expanse,"10,665,511.00","78,283.10",0.73%,
474,SIB,SIBCoin,"8,651,469.00","204,280.00",2.36%,
1179,ISL,IslaCoin,"269,026.00",0.85,0.00%,
1215,SWING,Swing,"185,722.00",132.96,0.07%,
113,FCT,Factom,"79,770,897.00","2,065,410.00",2.59%,
1205,DUO,ParallelCoin,"209,568.00",157.15,0.07%,
1363,SANDG,Save and Gain,"21,667.00",100.27,0.46%,
1169,PR,Prototanium,"291,880.00",4.37,0.00%,
42,REP,Augur,"336,112,700.00","29,424,800.00",8.75%,
535,SHND,StrongHands,"6,331,208.00","22,215.20",0.35%,
309,$PAC,PACcoin,"18,677,496.00","56,744.40",0.30%,
631,1337,Elite,"4,198,981.00","10,599.20",0.25%,
1272,$$$,Money,"101,848.00",463.28,0.45%,
1296,SOIL,SOILcoin,"78,748.00",36.11,0.05%,
1249,SCRT,SecretCoin,"133,137.00",1.87,0.00%,
885,DFT,DraftCoin,"976,120.00","4,248.68",0.44%,
1051,OBITS,OBITS,"4,282,332.00",183.42,0.00%,
349,AMP,Synereo,"14,901,280.00","96,896.50",0.65%,
1105,ADZ,Adzcoin,"725,649.00",463.66,0.06%,
1112,MOIN,Moin,"638,994.00",77.20,0.01%,
1072,RC,RussiaCoin,"1,639,106.00",225.32,0.01%,
817,EGC,EverGreenCoin,"1,581,638.00",582.32,0.04%,
871,CRB,Creditbit,"1,106,505.00","4,448.18",0.40%,
449,RADS,Radium,"9,851,044.00","401,682.00",4.08%,
1348,LTCR,Litecred,"32,303.00",9.57,0.03%,
759,YOC,Yocoin,"2,274,030.00","216,555.00",9.52%,
237,SLS,SaluS,"27,919,722.00","407,521.00",1.46%,
1171,EVIL,Evil Coin,"282,068.00",48.49,0.02%,
26,DCR,Decred,"545,629,714.00","5,961,480.00",1.09%,
92,PIVX,PIVX,"102,587,100.00","1,497,680.00",1.46%,
147,SAFEX,Safe Exchange Coin,"50,929,910.00","60,925.20",0.12%,
1187,RBIES,Rubies,"253,430.00",1.87,0.00%,
966,TRUMP,TrumpCoin,"446,547.00",520.20,0.12%,
751,MEME,Memetic / PepeCoin,"2,354,048.00","248,768.00",10.57%,
1240,XCT,C-Bit,"142,534.00",341.03,0.24%,
1303,IMS,Independent Money System,"69,293.00",18.69,0.03%,
1178,HODL,HOdlcoin,"270,196.00",15.36,0.01%,
925,BIGUP,BigUp,"702,847.00","205,510.00",29.24%,
1229,NEVA,NevaCoin,"157,728.00",78.86,0.05%,
1263,BUMBA,BumbaCoin,"112,947.00",99.93,0.09%,
418,RVR,RevolutionVR,"11,147,829.00","262,072.00",2.35%,
1361,PEX,PosEx,"26,822.00",13.26,0.05%,
1349,CAB,Cabbage,"31,937.00",60.22,0.19%,
1201,MOJO,MojoCoin,"220,005.00",364.62,0.17%,
29,LSK,Lisk,"534,728,461.00","8,263,420.00",1.55%,
1002,POST,PostCoin,"244,441.00",971.25,0.40%,
1235,BERN,BERNcash,"148,554.00",13.06,0.01%,
727,QWARK,Qwark,"2,645,065.00","11,033.00",0.42%,
59,DGD,DigixDAO,"195,241,200.00","510,526.00",0.26%,
37,STEEM,Steem,"377,839,339.00","3,814,160.00",1.01%,
1137,FANS,Fantasy Cash,"438,467.00",343.23,0.08%,
645,ESP,Espers,"3,936,425.00","1,949.69",0.05%,
1313,FUZZ,FuzzBalls,"56,765.00",209.70,0.37%,
745,XHI,HiCoin,"2,433,462.00","2,389.05",0.10%,
984,ARCO,AquariusCoin,"342,790.00","2,088.66",0.61%,
1236,XBTC21,Bitcoin 21,"147,867.00",16.01,0.01%,
1109,EL,Elcoin,"662,133.00",205.07,0.03%,
1282,ZUR,Zurcoin,"93,671.00",231.51,0.25%,
1283,611,SixEleven,"93,248.00",402.71,0.43%,
718,2GIVE,2GIVE,"2,738,009.00","45,638.10",1.67%,
882,XPTX,PlatinumBAR,"1,006,022.00","6,528.02",0.65%,
1132,LANA,LanaCoin,"456,570.00",51.30,0.01%,
1360,PONZI,PonziCoin,"26,828.00",4.51,0.02%,
1116,MXT,MarteXcoin,"578,344.00",141.67,0.02%,
888,NLX,Nullex,"968,551.00","10,284.90",1.06%,
46,WAVES,Waves,"269,486,000.00","16,459,600.00",6.11%,
276,ION,ION,"22,636,496.00","245,166.00",1.08%,
1237,HVCO,High Voltage,"147,394.00",31.73,0.02%,
1250,MNM,Mineum,"133,103.00",463.27,0.35%,
1246,XRE,RevolverCoin,"134,125.00",17.58,0.01%,
1217,GB,GoldBlocks,"179,702.00",212.92,0.12%,
784,BRK,Breakout,"2,030,489.00","22,962.90",1.13%,
1290,DBTC,Debitcoin,"83,241.00",8.19,0.01%,
1312,CMT,Comet,"57,688.00",214.13,0.37%,
618,RISE,Rise,"4,481,128.00","2,126.33",0.05%,
1193,CHESS,ChessCoin,"239,917.00",174.39,0.07%,
271,LBC,LBRY Credits,"23,108,863.00","226,500.00",0.98%,
862,PUT,PutinCoin,"1,159,741.00",965.07,0.08%,
752,BRX,Breakout Stake,"2,345,573.00","3,296.96",0.14%,
665,SYNX,Syndicate,"3,612,652.00","182,593.00",5.05%,
1222,CJ,Cryptojacks,"171,610.00",217.06,0.13%,
671,HEAT,HEAT,"3,509,136.00","1,238.47",0.04%,
1345,LIR,LetItRide,"34,026.00",1.12,0.00%,
308,SBD,Steem Dollars,"18,721,028.00","793,981.00",4.24%,
61,ARDR,Ardor,"178,010,721.00","5,285,330.00",2.97%,
15,ETC,Ethereum Classic,"1,692,833,308.00","198,579,000.00",11.73%,
881,808,808Coin,"1,026,786.00","4,862.93",0.47%,
977,ELE,Elementrem,"386,834.00",625.56,0.16%,
798,KRB,Karbo,"1,854,443.00","14,175.80",0.76%,
1033,VPRC,VapersCoin,"64,130.00",957.47,1.49%,
48,STRAT,Stratis,"265,156,149.00","5,232,730.00",1.97%,
1267,TAJ,TajCoin,"111,139.00",294.75,0.27%,
427,EDR,E-Dinar Coin,"10,729,280.00","36,375.60",0.34%,
1381,ATX,Artex Coin,"4,931.00",76.33,1.55%,
387,XP,Experience Points,"12,897,240.00","42,507.50",0.33%,
1310,VLT,Veltor,"59,569.00",109.44,0.18%,
744,KB3,B3Coin,"2,460,888.00","1,262.66",0.05%,
1204,GOLF,Golfcoin,"210,861.00",33.52,0.02%,
13,NEO,NEO,"2,212,288,000.00","117,202,000.00",5.30%,
579,LMC,LoMoCoin,"5,206,176.00","5,388.04",0.10%,
876,BTDX,Bitcloud,"1,094,722.00","5,163.78",0.47%,
485,NLC2,NoLimitCoin,"8,269,657.00","32,043.50",0.39%,
762,VRM,VeriumReserve,"2,259,417.00","9,285.66",0.41%,
1248,JIN,Jin Coin,"133,463.00",12.72,0.01%,
189,XTO,Tao,"37,757,899.00","8,682.35",0.02%,
666,PLU,Pluton,"3,603,819.00","7,171.61",0.20%,
1251,DLC,Dollarcoin,"131,756.00",16.56,0.01%,
1238,MST,MustangCoin,"146,399.00",157.96,0.11%,
1305,XBTS,Beatcoin,"66,484.00",393.26,0.59%,
533,SEQ,Sequence,"6,357,056.00","16,399.10",0.26%,
377,1ST,FirstBlood,"13,588,295.00","2,551,880.00",18.78%,
393,PEPECASH,Pepe Cash,"12,279,952.00","14,309.60",0.12%,
134,ICN,Iconomi,"58,625,074.00","348,420.00",0.59%,-100.00%
281,SNGLS,SingularDTV,"21,745,440.00","360,725.00",1.66%,
108,XZC,ZCoin,"85,881,083.00","1,289,970.00",1.50%,
1005,ATOM,Atomic Coin,"237,095.00",693.03,0.29%,
1342,JOBS,JobsCoin,"34,861.00",2.43,0.01%,
444,TRIG,Triggers,"10,060,829.00","340,275.00",3.38%,
941,ARC,Advanced Technology Coin,"599,906.00","1,918.82",0.32%,
21,ZEC,Zcash,"965,312,435.00","162,585,000.00",16.84%,
1256,ASAFE2,AllSafe,"118,668.00",114.99,0.10%,
1337,BIP,BipCoin,"38,659.00",342.22,0.89%,
185,ZCL,ZClassic,"39,470,220.00","406,139.00",1.03%,
797,ZOI,Zoin,"1,863,986.00","18,317.50",0.98%,
45,GNT,Golem,"287,342,860.00","4,983,020.00",1.73%,
1322,ZMC,ZetaMicron,"49,351.00",436.66,0.88%,
1175,BTCR,Bitcurrency,"278,837.00",11.30,0.00%,
674,IOP,Internet of People,"3,484,672.00","132,295.00",3.80%,
970,VRS,Veros,"412,308.00","6,931.02",1.68%,
814,HUSH,Hush,"1,618,753.00","11,464.10",0.71%,
1176,KURT,Kurrent,"274,908.00",66.76,0.02%,
1333,XCRE,Creatio,"40,485.00",3.95,0.01%,
373,PASC,Pascal Coin,"13,732,746.00","414,025.00",3.01%,
1262,ENT,Eternity,"113,385.00",103.25,0.09%,
357,INCNT,Incent,"14,450,041.00","64,550.50",0.45%,
322,DCT,DECENT,"17,246,696.00","446,250.00",2.59%,
537,GOLOS,Golos,"6,307,965.00","5,238.45",0.08%,
559,NXC,Nexium,"5,629,344.00","3,746.98",0.07%,
782,VSL,vSlice,"2,039,431.00","2,906.25",0.14%,
1373,DOLLAR,Dollar Online,"10,348.00",164.76,1.59%,
1386,VLTC,Vault Coin,"2,498.00",9.53,0.38%,
97,GBYTE,Byteball Bytes,"95,147,811.00","95,513.40",0.10%,
1068,POSW,PoSW Coin,"1,993,876.00",6.39,0.00%,
1355,LUNA,Luna Coin,"28,721.00",152.66,0.53%,
303,WINGS,Wings,"19,544,755.00","1,250,630.00",6.40%,
960,DIX,Dix Asset,"478,551.00",787.16,0.16%,
770,DAR,Darcrus,"2,163,060.00","9,657.70",0.45%,
861,IFLT,InflationCoin,"1,161,882.00","2,263.71",0.19%,
557,XSPEC,Spectrecoin,"5,691,151.00","7,214.38",0.13%,
1245,XSTC,Safe Trade Coin,"134,335.00",9.12,0.01%,
1316,BENJI,BenjiRolls,"55,004.00",15.37,0.03%,
728,CCRB,CryptoCarbon,"2,642,573.00","5,258.81",0.20%,
1220,VIDZ,PureVidz,"175,076.00",60.96,0.03%,
613,BCC,BitConnect,"4,558,482.00","1,772.55",0.04%,
1372,IBANK,iBank,"11,163.00",1.64,0.01%,
34,MKR,Maker,"425,395,135.00","381,449.00",0.09%,
1286,DRS,Digital Rupees,"83,981.00",246.07,0.29%,
65,KMD,Komodo,"164,768,077.00","1,204,970.00",0.73%,
942,FRST,FirstCoin,"597,240.00","3,302.06",0.55%,
1380,MGM,Magnum,"5,416.00",1.95,0.04%,
1114,TSE,Tattoocoin (Standard Edition),"609,515.00",18.82,0.00%,
1028,SFC,Solarflarecoin,"98,407.00",522.41,0.53%,
636,WCT,Waves Community Token,"4,109,688.00","70,963.30",1.73%,
1347,ICON,Iconic,"32,752.00",123.23,0.38%,
1192,KUSH,KushCoin,"243,533.00",4.12,0.00%,
673,GCC,Global Cryptocurrency,"3,490,226.00","13,823.00",0.40%,
1292,BOAT,BOAT,"82,151.00",57.66,0.07%,
1300,ERY,Eryllium,"77,119.00",123.05,0.16%,
1295,ELS,Elysium,"79,659.00",17.00,0.02%,
983,CNT,Centurion,"344,754.00","8,023.32",2.33%,
1336,MAR,Marijuanacoin,"39,165.00",100.25,0.26%,
1026,MSCN,Master Swiscoin,"104,445.00","1,387.89",1.33%,
383,MLN,Melon,"13,138,548.00","216,908.00",1.65%,
1276,ALL,Allion,"98,866.00",20.23,0.02%,
1368,PRC,PRCoin,"17,126.00",3.87,0.02%,
481,TIME,Chronobank,"8,456,307.00","302,218.00",3.57%,
1370,ARGUS,Argus,"14,405.00",119.10,0.83%,
1118,RNS,Renos,"575,826.00",219.55,0.04%,
585,SWT,Swarm City,"5,155,696.00","100,034.00",1.94%,
1328,PIE,PIECoin,"43,612.00",1.58,0.00%,
1293,VISIO,Visio,"79,892.00",14.61,0.02%,
43,NANO,Nano,"303,343,728.00","6,234,310.00",2.06%,
1022,PASL,Pascal Lite,"125,917.00",767.52,0.61%,
564,MUSIC,Musicoin,"5,550,653.00","44,741.70",0.81%,
894,ZER,Zero,"909,304.00","16,460.20",1.81%,
1311,HONEY,Honey,"57,731.00",386.84,0.67%,
1199,NETKO,Netko,"227,009.00",67.75,0.03%,
78,ARK,Ark,"130,834,236.00","3,092,550.00",2.36%,
488,DYN,Dynamic,"8,180,167.00","119,836.00",1.46%,
678,TKS,Tokes,"3,383,648.00","6,889.53",0.20%,
378,MER,Mercury,"13,549,800.00","577,240.00",4.26%,
339,TAAS,TaaS,"15,732,779.00","152,111.00",0.97%,
211,SOAR,Soarcoin,"33,174,013.00","33,325.70",0.10%,
213,EDG,Edgeless,"32,164,654.00","662,988.00",2.06%,
1339,WORM,HealthyWormCoin,"37,991.00",32.29,0.09%,
448,DTB,Databits,"9,912,767.00","3,703.32",0.04%,
1083,UNI,Universe,"1,049,803.00",37.39,0.00%,
626,XLR,Solaris,"4,219,517.00","13,772.40",0.33%,
1216,IMX,Impact,"181,032.00",32.76,0.02%,
179,XAS,Asch,"41,078,586.00","4,762,070.00",11.59%,
505,DBIX,DubaiCoin,"7,447,886.00","39,920.40",0.54%,
1231,KED,Darsek,"155,068.00",37.02,0.02%,
425,GUP,Matchpool,"10,749,000.00","14,612,100.00",135.94%,
1170,USC,Ultimate Secure Cash,"285,685.00",8.29,0.00%,
1067,ECN,E-coin,"2,016,221.00",10.06,0.00%,
138,SKY,Skycoin,"55,375,400.00","1,434,140.00",2.59%,
684,ATMOS,Atmos,"3,291,739.00",943.42,0.03%,
1101,INPAY,InPay,"756,284.00",2.08,0.00%,
947,HPC,Happycoin,"556,786.00","3,569.42",0.64%,
1128,ZENI,Zennies,"493,630.00",2.10,0.00%,
1041,CXT,Coinonat,"31,378.00",610.14,1.94%,
1374,CONX,Concoin,"10,095.00",389.98,3.86%,
381,XBY,XTRABYTES,"13,409,808.00","8,672.14",0.06%,
146,RLC,iExec RLC,"52,351,886.00","1,106,510.00",2.11%,
662,TRST,WeTrust,"3,665,784.00","104,281.00",2.84%,
915,DEUS,DeusCoin,"764,398.00","2,982.99",0.39%,
715,ALT,Altcoin,"2,797,310.00","4,707.23",0.17%,
1218,WGO,WavesGo,"179,298.00",179.40,0.10%,
1275,MCRN,MACRON,"98,996.00",8.53,0.01%,
994,PROC,ProCurrency,"284,853.00","4,809.60",1.69%,
1036,SCS,SpeedCash,"48,021.00","1,319.01",2.75%,
230,BTX,Bitcore,"28,697,206.00","302,962.00",1.06%,
1365,VOLT,Bitvolt,"19,091.00",41.06,0.22%,
332,LUN,Lunyr,"16,767,112.00","4,508,270.00",26.89%,
137,GNO,Gnosis,"56,804,535.00","1,072,320.00",1.89%,
283,TKN,TokenCard,"21,713,063.00","323,611.00",1.49%,
807,RAIN,Condensate,"1,702,492.00","6,079.26",0.36%,
1335,GPL,Gold Pressed Latinum,"39,223.00",6.12,0.02%,
356,HMQ,Humaniq,"14,476,621.00","314,323.00",2.17%,
1150,ITI,iTicoin,"368,378.00",67.33,0.02%,
976,MNE,Minereum,"388,368.00","4,282.30",1.10%,
1357,CNNC,Cannation,"28,302.00",9.79,0.03%,
854,CREA,Creativecoin,"1,280,980.00","11,388.30",0.89%,
506,DICE,Etheroll,"7,400,785.00","93,288.20",1.26%,
952,INSN,InsaneCoin,"519,751.00",662.87,0.13%,
159,ANT,Aragon,"46,469,192.00","258,191.00",0.56%,
145,PZM,PRIZM,"53,203,352.00","16,608.20",0.03%,
954,RLT,RouletteToken,"513,211.00","14,443.90",2.81%,
22,QTUM,Qtum,"722,061,652.00","222,265,000.00",30.78%,
1209,ECO,EcoCoin,"201,766.00",376.76,0.19%,
1094,EQT,EquiTrader,"819,205.00",225.10,0.03%,
943,DMB,Digital Money Bits,"596,785.00","1,008.69",0.17%,
532,APX,APX,"6,358,517.00","14,901.20",0.23%,
980,MCAP,MCAP,"355,468.00","4,132.49",1.16%,
1383,NANOX,Project-X,"4,504.00",241.04,5.35%,
1291,MAY,Theresa May Coin,"83,027.00",112.89,0.14%,
764,SUMO,Sumokoin,"2,253,668.00","92,276.10",4.09%,
40,BAT,Basic Attention Token,"346,230,000.00","43,313,100.00",12.51%,
77,ZEN,ZenCash,"132,090,248.00","5,940,730.00",4.50%,
820,ETBS,Ethbits,"1,561,950.00",607.01,0.04%,
33,AE,Aeternity,"459,311,313.00","8,044,950.00",1.75%,
1082,V,Version,"1,090,832.00",155.28,0.01%,
107,ETP,Metaverse ETP,"86,234,460.00","9,761,290.00",11.32%,
758,EBST,eBoost,"2,280,360.00","59,050.80",2.59%,
598,PTOY,Patientory,"4,846,415.00","183,616.00",3.79%,
403,QAU,Quantum,"11,767,237.00","278,982.00",2.37%,
98,VERI,Veritaseum,"93,716,851.00","1,873,260.00",2.00%,
257,ECA,Electra,"24,579,196.00","153,418.00",0.62%,
202,QRL,Quantum Resistant Ledger,"34,361,964.00","558,175.00",1.62%,
737,ETT,EncryptoTel [WAVES],"2,518,482.00","27,873.30",1.11%,
274,MGO,MobileGo,"22,791,714.00","503,387.00",2.21%,
1273,NRO,Neuro,"100,438.00",5.78,0.01%,
335,PPY,Peerplays,"16,261,781.00","1,445.45",0.01%,
9,MIOTA,IOTA,"2,711,292,815.00","45,390,200.00",1.67%,
628,MYST,Mysterium,"4,209,037.00","111,220.00",2.64%,
945,MORE,More Coin,"588,118.00","5,347.12",0.91%,
176,SNM,SONM,"41,844,494.00","1,558,430.00",3.72%,
936,LINX,Linx,"628,993.00","1,541.00",0.24%,
521,ZRC,ZrCoin,"6,867,124.00","77,350.10",1.13%,
85,BNT,Bancor,"118,070,860.00","11,190,600.00",9.48%,
369,CFI,Cofound.it,"13,881,790.00","842,307.00",6.07%,
1213,GLT,GlobalToken,"193,112.00",175.01,0.09%,
396,NMR,Numeraire,"12,188,818.00","39,418.30",0.32%,
1227,OTX,Octanox,"160,710.00",242.75,0.15%,
921,UNIFY,Unify,"741,666.00","127,682.00",17.22%,
343,XEL,Elastic,"15,272,076.00","944,426.00",6.18%,
1375,COUPE,Coupecoin,"8,049.00",379.02,4.71%,
897,MRT,Miners' Reward Token,"856,503.00","557,985.00",65.15%,
1362,KNC,KingN Coin,"26,425.00",1.30,0.00%,
927,DCY,Dinastycoin,"701,654.00",688.64,0.10%,
1172,XLC,Leviar,"281,115.00",89.93,0.03%,
975,ONX,Onix,"404,887.00","4,188.13",1.03%,
1298,BTPL,Bitcoin Planet,"78,309.00",24.24,0.03%,
60,GXS,GXChain,"193,862,400.00","15,130,000.00",7.80%,
1064,GOOD,Goodomy,"2,246,397.00",2.01,0.00%,
1154,BRO,Bitradio,"349,378.00",247.46,0.07%,
507,FLASH,Flash,"7,398,432.00","8,040.51",0.11%,
76,FUN,FunFair,"132,503,362.00","1,435,520.00",1.08%,
93,PAY,TenX,"101,296,111.00","8,364,700.00",8.26%,
52,SNT,Status,"244,586,162.00","12,178,300.00",4.98%,
1280,CHAN,ChanCoin,"94,397.00",166.42,0.18%,
869,EFYT,Ergo,"1,122,575.00","323,411.00",28.81%,
933,BRIA,BriaCoin,"641,908.00","28,412.30",4.43%,
5,EOS,EOS,"7,601,086,224.00","976,464,000.00",12.85%,
199,ADX,AdEx,"34,780,966.00","36,834,600.00",105.90%,
833,DNR,Denarius,"1,433,933.00","6,730.87",0.47%,
1059,BET,DAO.Casino,"3,250,724.00",469.16,0.01%,-100.00%
126,STORJ,Storj,"66,674,126.00","2,582,330.00",3.87%,
1369,SOCC,SocialCoin,"15,824.00",7.15,0.05%,
193,ADT,adToken,"36,557,400.00","313,722,000.00",858.16%,
86,MCO,MCO,"117,940,908.00","10,047,100.00",8.52%,
836,PING,CryptoPing,"1,397,442.00","4,010.30",0.29%,
275,WGR,Wagerr,"22,683,399.00","111,136.00",0.49%,
1344,SLEVIN,Slevin,"34,526.00",234.07,0.68%,
1048,ECOB,Ecobit,"10,266,444.00",499.98,0.00%,
410,PLBT,Polybius,"11,474,464.00","9,791.96",0.09%,
88,GAS,Gas,"107,502,573.00","3,792,150.00",3.53%,
447,SNC,SunContract,"9,915,137.00","1,286,680.00",12.98%,
991,JET,Jetcoin,"304,739.00","32,583.80",10.69%,
212,MTL,Metal,"32,474,349.00","2,727,060.00",8.40%,
56,PPT,Populous,"213,721,198.00","6,788,250.00",3.18%,
1384,WOMEN,WomenCoin,"3,635.00",68.91,1.90%,
1341,VUC,Virta Unique Coin,"35,688.00",121.32,0.34%,
1124,BDL,Bitdeal,"548,132.00",134.68,0.02%,
1008,DAXX,DaxxCoin,"214,099.00",783.77,0.37%,
1260,GTC,Global Tour Coin,"115,474.00",39.51,0.03%,
912,PCN,PeepCoin,"794,284.00","13,649.40",1.72%,
1088,HERO,Sovereign Hero,"926,960.00",0.11,0.00%,
129,SAN,Santiment Network Token,"63,751,915.00","2,119,920.00",3.33%,
20,OMG,OmiseGO,"990,150,744.00","53,181,400.00",5.37%,
524,CVCOIN,CVCoin,"6,762,862.00","44,068.20",0.65%,
653,NET,Nimiq Exchange Token,"3,841,278.00","162,059.00",4.22%,-100.00%
406,XRL,Rialto,"11,714,757.00","8,919.86",0.08%,
348,LINDA,Linda,"14,904,229.00","137,746.00",0.92%,
1148,MBRS,Embers,"398,799.00",249.54,0.06%,
128,CVC,Civic,"64,300,452.00","6,211,960.00",9.66%,
106,ETHOS,Ethos,"86,648,870.00","2,508,340.00",2.89%,
1168,BTWTY,Bit20,"296,971.00",2.92,0.00%,
720,STA,Starta,"2,733,659.00","30,185.70",1.10%,
1039,COAL,BitCoal,"41,461.00",672.05,1.62%,
1038,LBTC,LiteBitcoin,"43,885.00","1,651.72",3.76%,
135,PART,Particl,"57,494,128.00","641,860.00",1.12%,
100,SMART,SmartCash,"92,305,988.00","2,830,980.00",3.07%,
840,SKIN,SkinCoin,"1,382,241.00","19,661.40",1.42%,
4,BCH,Bitcoin Cash,"14,684,874,621.00","872,022,000.00",5.94%,
1046,HMC,HarmonyCoin,"3,766.00","8,572.29",227.62%,
540,TOA,ToaCoin,"6,250,102.00","151,599.00",2.43%,
192,PLR,Pillar,"36,570,430.00","17,442.30",0.05%,
1234,SIGT,Signatum,"150,890.00",65.64,0.04%,
1376,CTIC2,Coimatic 2.0,"7,787.00",40.06,0.51%,
338,OCT,OracleChain,"16,143,540.00","25,985.50",0.16%,
18,BNB,Binance Coin,"1,164,622,399.00","45,894,400.00",3.94%,
1221,300,300 Token,"172,803.00",4.20,0.00%,
654,PBT,Primalbase Token,"3,840,038.00","388,818.00",10.13%,
818,CMPCO,CampusCoin,"1,580,887.00","7,836.90",0.50%,
433,IXT,IXT,"10,509,391.00","217,565.00",2.07%,
1043,GSR,GeyserCoin,"22,593.00","2,342.56",10.37%,
305,MSP,Mothership,"19,495,700.00","45,409.30",0.23%,
1009,CRM,Cream,"196,631.00","16,530.10",8.41%,
1085,KEK,KekCoin,"998,984.00",29.49,0.00%,
493,OAX,OAX,"7,993,631.00","222,746.00",2.79%,
268,DNT,district0x,"23,414,520.00","2,042,050.00",8.72%,
1126,FYN,FundYourselfNow,"509,027.00",0.55,0.00%,
366,STX,Stox,"14,126,253.00","1,520,360.00",10.76%,
345,CDT,Blox,"15,091,375.00","504,781.00",3.34%,
38,BTM,Bytom,"364,863,621.00","93,461,300.00",25.62%,
972,MAO,Mao Zedong,"408,540.00",598.52,0.15%,
922,NDC,NEVERDIE,"738,564.00","3,618.67",0.49%,
450,TIX,Blocktix,"9,830,240.00","818,027.00",8.32%,
79,DCN,Dentacoin,"125,491,290.00","73,119.00",0.06%,
810,RUPX,Rupaya,"1,667,647.00","10,265.80",0.62%,
1281,SHDW,Shadow Token,"93,851.00",200.53,0.21%,
397,ONION,DeepOnion,"12,127,342.00","31,461.70",0.26%,
792,CAT,BlockCAT,"1,933,452.00",811.77,0.04%,1.01%
756,ADST,AdShares,"2,294,505.00","3,947.30",0.17%,
1025,DDF,DigitalDevelopersFund,"114,025.00",591.07,0.52%,
1045,BAS,BitAsean,"7,110.00","6,300.39",88.61%,
207,DENT,Dent,"33,605,378.00","5,809,100.00",17.29%,
1079,MBI,Monster Byte,"1,174,091.00",20.94,0.00%,
599,IFT,InvestFeed,"4,829,851.00","13,768.30",0.29%,
1264,XCXT,CoinonatX,"112,930.00",212.87,0.19%,
905,RIYA,Etheriya,"806,059.00",519.79,0.06%,
892,TCC,The ChampCoin,"945,305.00","7,150.12",0.76%,
23,ZRX,0x,"602,659,076.00","28,923,800.00",4.80%,
358,YOYOW,YOYOW,"14,419,406.00","274,154.00",1.90%,
1143,GRWI,Growers International,"421,147.00",115.78,0.03%,
682,MYB,MyBit Token,"3,316,870.00","81,876.20",2.47%,
50,HSR,Hshare,"249,765,786.00","57,484,000.00",23.02%,
19,VEN,VeChain,"1,068,934,376.00","10,467,500.00",0.98%,
624,TFL,TrueFlip,"4,261,398.00","159,050.00",3.73%,
69,NAS,Nebulas,"153,041,525.00","20,457,000.00",13.37%,
1285,DALC,Dalecoin,"89,045.00",180.41,0.20%,
1000,ACC,AdCoin,"249,347.00","1,790.06",0.72%,
776,BBP,BiblePay,"2,105,458.00","6,760.20",0.32%,
609,BQ,bitqy,"4,600,869.00",545.60,0.01%,
165,ACT,Achain,"44,419,422.00","7,259,880.00",16.34%,
911,XMCC,Monoeci,"794,974.00","127,062.00",15.98%,
333,TNT,Tierion,"16,620,231.00","751,608.00",4.52%,
53,WTC,Waltonchain,"229,020,080.00","6,981,920.00",3.05%,
1334,BRAT,BROTHER,"39,612.00",248.30,0.63%,
328,PST,Primas,"16,892,867.00","5,560,370.00",32.92%,
1058,OPT,Opus,"3,454,582.00",19.44,0.00%,
937,SUR,Suretly,"622,661.00","153,881.00",24.71%,
67,LRC,Loopring,"160,052,588.00","4,696,010.00",2.93%,
1366,LTCU,LiteCoin Ultra,"18,034.00",243.12,1.35%,
162,POE,Po.et,"45,172,715.00","2,815,880.00",6.23%,
1034,NTO,Fujinto,"63,761.00",629.20,0.99%,
1117,STRC,StarCredits,"578,187.00",16.88,0.00%,
1359,KRONE,Kronecoin,"26,936.00",188.13,0.70%,
1102,MTNC,Masternodecoin,"751,662.00",298.31,0.04%,
490,MTH,Monetha,"8,138,778.00","645,110.00",7.93%,
569,AVT,Aventus,"5,466,588.00","65,015.10",1.19%,
499,DLT,Agrello,"7,638,535.00","280,183.00",3.67%,
288,HVN,Hive Project,"21,324,038.00","28,028.70",0.13%,
863,VSX,Vsync,"1,153,257.00","2,181.20",0.19%,
382,MDA,Moeda Loyalty Points,"13,406,923.00","2,431,910.00",18.14%,
153,NEBL,Neblio,"48,114,456.00","3,737,230.00",7.77%,
889,VIVO,VIVO,"966,849.00","5,874.59",0.61%,
11,TRX,TRON,"2,468,979,663.00","305,826,000.00",12.39%,
969,OCL,Oceanlab,"413,765.00","2,616.04",0.63%,
1073,REX,imbrex,"1,559,967.00",207.61,0.01%,
812,BUZZ,BuzzCoin,"1,633,790.00","4,736.50",0.29%,
337,CREDO,Credo,"16,147,020.00","2,420.98",0.01%,
1243,DRXNE,DROXNE,"138,151.00",299.19,0.22%,
75,MANA,Decentraland,"132,589,817.00","10,821,700.00",8.16%,
724,IND,Indorse Token,"2,665,250.00","93,322.90",3.50%,
657,XPA,XPA,"3,794,293.00","2,986.18",0.08%,
683,SCL,Sociall,"3,293,598.00","3,417.26",0.10%,
766,ATB,ATBCoin,"2,241,962.00","903,977.00",40.32%,
1278,ETHD,Ethereum Dark,"96,180.00",125.14,0.13%,
361,PRO,Propy,"14,356,382.00","1,128,590.00",7.86%,
120,LINK,ChainLink,"71,608,250.00","1,063,160.00",1.48%,
380,BMC,Blackmoon,"13,512,792.00","617,495.00",4.57%,
501,ELIX,Elixir,"7,629,864.00","10,077.50",0.13%,
1224,XBL,Billionaire Token,"164,953.00",96.82,0.06%,
82,KNC,Kyber Network,"122,125,674.00","4,548,180.00",3.72%,
394,VIBE,VIBE,"12,245,782.00","295,136.00",2.41%,
115,SUB,Substratum,"78,379,502.00","1,862,140.00",2.38%,
890,DAY,Chronologic,"965,675.00","20,353.90",2.11%,
746,CHIPS,CHIPS,"2,428,426.00","1,272.66",0.05%,
1255,TKR,CryptoInsight,"118,781.00",0.28,0.00%,
829,PIX,Lampix,"1,467,513.00","32,809.60",2.24%,
458,COSS,COSS,"9,445,385.00","47,876.30",0.51%,
583,CSNO,BitDice,"5,178,901.00",915.19,0.02%,
620,RVT,Rivetz,"4,464,473.00","71,502.30",1.60%,
70,KIN,Kin,"150,867,927.00","3,705,280.00",2.46%,
1377,ITZ,Interzone,"7,412.00",37.21,0.50%,
1050,TGT,Target Coin,"4,921,539.00",398.44,0.01%,
111,SALT,SALT,"82,067,122.00","2,534,000.00",3.09%,
440,ORME,Ormeus Coin,"10,134,081.00","1,213,370.00",11.97%,
934,KLN,Kolion,"638,095.00","6,635.31",1.04%,
407,COLX,ColossusXT,"11,691,407.00","17,782.90",0.15%,
913,TZC,TrezarCoin,"786,949.00",856.88,0.11%,
777,ODN,Obsidian,"2,094,020.00","25,050.40",1.20%,
330,COB,Cobinhood,"16,776,340.00","32,063.30",0.19%,
1181,REC,Regalcoin,"264,413.00",10.48,0.00%,
421,BIS,Bismuth,"10,945,249.00","48,038.80",0.44%,
8,ADA,Cardano,"4,459,507,987.00","188,853,000.00",4.23%,
17,XTZ,Tezos,"1,296,205,441.00","3,858,570.00",0.30%,
801,VOISE,Voise,"1,799,739.00","9,244.51",0.51%,
526,ATM,ATMChain,"6,614,669.00","7,764.10",0.12%,
139,KICK,KickCoin,"55,022,859.00","3,209,730.00",5.83%,
405,VIB,Viberate,"11,719,535.00","1,314,970.00",11.22%,
47,RHOC,RChain,"265,242,179.00","377,227.00",0.14%,
688,INXT,Internxt,"3,202,654.00","8,287.57",0.26%,
979,WHL,WhaleCoin,"382,906.00","127,230.00",33.23%,
1121,FLIK,FLiK,"565,136.00",111.77,0.02%,
1024,EBET,EthBet,"120,935.00",858.08,0.71%,
71,CNX,Cryptonex,"136,695,893.00","4,471,980.00",3.27%,
1155,WILD,Wild Crypto,"348,567.00",276.38,0.08%,
659,REAL,REAL,"3,765,421.00","12,759.50",0.34%,
607,HBT,Hubii Network,"4,612,856.00","5,242.68",0.11%,
1219,CCT,Crystal Clear ,"177,127.00",212.71,0.12%,
208,BCO,BridgeCoin,"33,363,630.00","16,601.00",0.05%,
415,EVX,Everex,"11,311,212.00","733,895.00",6.49%,
297,PPP,PayPie,"20,370,570.00","4,392.39",0.02%,
554,AIR,AirToken,"5,755,995.00","229,060.00",3.98%,
1321,POS,PoSToken,"49,716.00",205.06,0.41%,
1208,SDRN,Senderon,"206,764.00",92.50,0.04%,
690,ALIS,ALIS,"3,172,726.00","7,036.07",0.22%,
646,BTCZ,BitcoinZ,"3,924,360.00","87,585.50",2.23%,
731,HGT,HelloGold,"2,572,713.00","1,932.44",0.08%,
168,CND,Cindicator,"43,694,810.00","755,142.00",1.73%,
105,ENG,Enigma,"89,754,762.00","2,704,930.00",3.01%,
1382,CTIC3,Coimatic 3.0,"4,829.00",382.71,7.93%,
437,ZSC,Zeusshield,"10,408,323.00","188,230.00",1.81%,
1160,ECASH,Ethereum Cash,"336,136.00",186.15,0.06%,
956,ATS,Authorship,"489,952.00","4,352.35",0.89%,
1044,RKC,Royal Kingdom Coin,"15,759.00",557.54,3.54%,
1331,EXN,ExchangeN,"41,924.00",11.67,0.03%,
1233,PIPL,PiplCoin,"150,910.00",232.92,0.15%,
243,EDO,Eidoo,"26,766,922.00","1,868,270.00",6.98%,
289,AST,AirSwap,"21,302,100.00","785,903.00",3.69%,
574,CAG,Change,"5,365,362.00","5,989.81",0.11%,
389,BCPT,BlockMason Credit Protocol,"12,782,492.00","2,989,480.00",23.39%,
68,AION,Aion,"155,702,181.00","4,404,720.00",2.83%,
1095,TRCT,Tracto,"815,656.00",263.80,0.03%,
412,ART,Maecenas,"11,337,843.00","6,782.39",0.06%,
873,XGOX,XGOX,"1,104,457.00","2,193.27",0.20%,
621,EVR,Everus,"4,421,183.00","222,116.00",5.02%,
719,OTN,Open Trading Network,"2,734,447.00","25,559.80",0.93%,
597,DRT,DomRaider,"4,941,290.00","102,984.00",2.08%,
157,REQ,Request Network,"46,727,590.00","929,762.00",1.99%,
1207,ETG,Ethereum Gold,"207,050.00",205.15,0.10%,
704,BLUE,Blue Protocol,"2,939,223.00","2,961.60",0.10%,
652,LIFE,LIFE,"3,854,176.00","20,086.00",0.52%,
1052,HDG,Hedge,"4,080,568.00",18.06,0.00%,
307,MOD,Modum,"18,741,852.00","148,686.00",0.79%,
181,AMB,Ambrosus,"40,319,049.00","621,469.00",1.54%,
625,ICOS,ICOS,"4,251,806.00",729.04,0.02%,
28,BTG,Bitcoin Gold,"535,755,447.00","24,401,400.00",4.55%,-100.00%
51,KCS,KuCoin Shares,"245,976,035.00","548,542.00",0.22%,
573,EXRN,EXRNchain,"5,371,410.00","159,621.00",2.97%,
634,POLL,ClearPoll,"4,133,264.00","28,371.60",0.69%,
456,LA,LATOKEN,"9,471,234.00","5,892,900.00",62.22%,
94,NULS,Nuls,"100,995,200.00","6,399,510.00",6.34%,
1214,BTCRED,Bitcoin Red,"192,796.00",63.92,0.03%,
441,PRG,Paragon,"10,124,301.00","179,695.00",1.77%,
205,BOS,BOScoin,"33,735,082.00","242,320.00",0.72%,
285,RCN,Ripio Credit Network,"21,607,188.00","2,222,450.00",10.29%,
1096,GMT,Mercury Protocol,"807,263.00",371.16,0.05%,
31,ICX,ICON,"501,506,624.00","28,829,900.00",5.75%,
938,ITT,Intelligent Trading Foundation,"609,854.00","7,186.09",1.18%,
1152,IETH,iEthereum,"357,579.00",55.35,0.02%,
600,PIRL,Pirl,"4,756,519.00","31,430.10",0.66%,
831,XNN,Xenon,"1,463,211.00","2,358.73",0.16%,
515,LUX,LUXCoin,"7,213,756.00","183,532.00",2.54%,
1301,NTWK,Network Token,"76,903.00",0.98,0.00%,
1056,DOVU,Dovu,"3,565,904.00",428.47,0.01%,
231,RPX,Red Pulse,"28,401,989.00","1,007,650.00",3.55%,
1350,PLACO,PlayerCoin,"31,757.00",25.41,0.08%,
1318,ROOFS,Roofs,"53,433.00",7.45,0.01%,
368,FUEL,Etherparty,"14,036,162.00","194,622.00",1.39%,
926,ELLA,Ellaism,"702,019.00","2,305.13",0.33%,
835,VULC,Vulcano,"1,416,369.00","5,085.88",0.36%,
996,QVT,Qvolta,"276,763.00","1,797.07",0.65%,
476,RMC,Russian Miner Coin,"8,548,111.00","5,372.16",0.06%,
1071,FYP,FlypMe,"1,739,980.00",18.61,0.00%,
886,EBTC,eBitcoin,"975,744.00","45,488.00",4.66%,
158,ENJ,Enjin Coin,"46,539,416.00","11,804,300.00",25.36%,
81,POWR,Power Ledger,"124,806,215.00","21,528,200.00",17.25%,
432,GRID,Grid+,"10,520,677.00","1,079.62",0.01%,
174,R,Revain,"42,023,593.00","4,594,610.00",10.93%,
739,ATL,ATLANT,"2,484,006.00","25,747.80",1.04%,
96,ETN,Electroneum,"96,212,134.00","1,088,180.00",1.13%,
221,MNX,MinexCoin,"31,139,137.00","114,732.00",0.37%,
809,FOR,FORCE,"1,670,107.00","5,729.30",0.34%,
166,DATA,Streamr DATAcoin,"44,413,887.00","2,296,510.00",5.17%,
428,XSH,SHIELD,"10,674,566.00","11,923.00",0.11%,
968,ELTCOIN,ELTCOIN,"432,381.00","1,496.09",0.35%,
1029,DSR,Desire,"81,413.00","14,955.90",18.37%,
350,UKG,Unikoin Gold,"14,755,334.00","425,367.00",2.88%,
1351,CRDNC,Credence Coin,"31,552.00",364.38,1.15%,
874,NIO,Autonio,"1,098,948.00","40,635.20",3.70%,
1011,CTX,CarTaxi Token,"194,931.00","3,837.23",1.97%,
500,ARN,Aeron,"7,630,519.00","9,230,050.00",120.96%,
1037,STARS,StarCash Network,"47,582.00","2,057.23",4.32%,
367,PHR,Phore,"14,101,541.00","329,015.00",2.33%,
919,INN,Innova,"747,576.00","2,473.38",0.33%,
163,RDN,Raiden Network Token,"45,011,620.00","1,360,830.00",3.02%,
248,DPY,Delphy,"25,335,928.00","2,385,560.00",9.42%,
726,ZEPH,Zephyr,"2,646,696.00","13,185.80",0.50%,
834,BPL,Blockpool,"1,416,650.00","5,139.31",0.36%,
940,GRIM,Grimcoin,"600,693.00",783.73,0.13%,
457,OXY,Oxycoin,"9,469,830.00","26,984.50",0.28%,
949,EPY,Emphy,"533,246.00","1,351.74",0.25%,
917,HOLD,Stellar Holdings,"752,344.00","9,685.28",1.29%,
326,DBET,DecentBet,"16,990,733.00","98,886.30",0.58%,
414,HST,Decision Token,"11,319,237.00","214,307.00",1.89%,
755,SSS,Sharechain,"2,301,616.00","7,593.33",0.33%,
702,UFR,Upfiring,"2,990,339.00","10,903.90",0.36%,
932,HAT,Hat.Exchange,"667,332.00","3,795.50",0.57%,
961,STU,bitJob,"458,923.00","59,904.80",13.05%,
203,GVT,Genesis Vision,"34,171,711.00","2,684,590.00",7.86%,
1015,EAGLE,EagleCoin,"175,875.00","1,626.83",0.92%,
736,PRIX,Privatix,"2,522,429.00","1,443.29",0.06%,
875,ITNS,IntenseCoin,"1,097,385.00","1,730.47",0.16%,
89,PAYX,Paypex,"106,894,632.00","47,189.30",0.04%,
771,SGR,Sugar Exchange,"2,146,903.00","14,924.90",0.70%,
823,VIU,Viuly,"1,537,110.00","9,077.58",0.59%,
562,ALQO,ALQO,"5,559,050.00","31,203.70",0.56%,
639,GBX,GoByte,"4,038,431.00","54,435.60",1.35%,
422,PRL,Oyster,"10,942,773.00","1,710,490.00",15.63%,
617,B2B,B2BX,"4,492,241.00","104,025.00",2.32%,
1326,PNX,Phantomx,"47,942.00",36.19,0.08%,
614,DGPT,DigiPulse,"4,523,298.00","16,556.20",0.37%,
661,DNA,EncrypGen,"3,683,500.00","45,805.60",1.24%,
256,INK,Ink,"24,694,885.00","3,183,140.00",12.89%,
502,BOT,Bodhi,"7,577,800.00","769,998.00",10.16%,
178,QSP,Quantstamp,"41,294,429.00","816,312.00",1.98%,
99,QASH,QASH,"92,704,150.00","1,504,720.00",1.62%,
1223,ZZC,ZoZoCoin,"167,851.00",9.97,0.01%,
530,TSL,Energo,"6,514,246.00","723,249.00",11.10%,
708,PBL,Publica,"2,898,547.00","19,817.30",0.68%,
929,MAG,Magnet,"685,316.00","5,130.40",0.75%,
295,SPANK,SpankChain,"20,832,162.00","291,895.00",1.40%,
1174,VOT,VoteCoin,"280,500.00",473.12,0.17%,
41,BCD,Bitcoin Diamond,"343,340,639.00","5,625,800.00",1.64%,
186,VEE,BLOCKv,"39,140,301.00","845,519.00",2.16%,
1389,AI,POLY AI,533.00,169.27,31.76%,
1177,ACC,Accelerator Network,"270,594.00",71.45,0.03%,
511,DIVX,Divi,"7,303,541.00","19,491.60",0.27%,
1057,MONK,Monkey Project,"3,476,259.00",430.76,0.01%,
619,FLIXX,Flixxo,"4,466,210.00","372,768.00",8.35%,
1367,GLS,GlassCoin,"17,739.00",325.51,1.84%,
150,TNB,Time New Bank,"49,825,773.00","3,009,140.00",6.04%,
799,WISH,MyWish,"1,826,898.00","2,268.90",0.12%,
1076,EVC,EventChain,"1,345,406.00",304.96,0.02%,
233,LEND,ETHLend,"28,256,245.00","480,827.00",1.70%,
877,ONG,onG.social,"1,072,274.00","7,533.96",0.70%,
1254,CCO,Ccore,"120,984.00",224.48,0.19%,
484,QBT,Qbao,"8,324,070.00","363,704.00",4.37%,
122,DRGN,Dragonchain,"70,883,796.00","2,059,070.00",2.90%,
714,PFR,Payfair,"2,801,292.00","6,084.49",0.22%,
320,PRE,Presearch,"17,584,285.00","69,625.50",0.40%,
91,CMT,CyberMiles,"103,405,011.00","13,180,100.00",12.75%,
553,CAPP,Cappasity,"5,767,556.00","162,653.00",2.82%,
547,ERO,Eroscoin,"6,032,970.00","10,713.00",0.18%,
1089,MAGE,MagicCoin,"906,572.00",11.74,0.00%,
236,ITC,IoT Chain,"27,930,840.00","3,096,810.00",11.09%,
907,JIYO,Jiyo,"802,823.00","15,040.50",1.87%,
748,SEND,Social Send,"2,388,864.00","8,801.45",0.37%,
828,BON,Bonpay,"1,473,994.00","53,291.10",3.62%,
1032,NUKO,Nekonium,"65,111.00",541.51,0.83%,
676,SNOV,Snovio,"3,423,170.00","184,416.00",5.39%,
468,BWK,Bulwark,"8,918,354.00","72,299.00",0.81%,
971,SAGA,SagaCoin,"412,036.00","3,204.27",0.78%,
995,KBR,Kubera Coin,"282,184.00","5,426.18",1.92%,
1035,TOK,Tokugawa,"62,904.00","1,279.13",2.03%,
1358,PCOIN,Pioneer Coin,"27,023.00",331.58,1.23%,
351,WABI,WaBi,"14,700,226.00","359,553.00",2.45%,
1010,CRC,CrowdCoin,"195,634.00",609.80,0.31%,
880,WAND,WandX,"1,031,677.00","7,671.97",0.74%,
789,SPF,SportyCo,"1,952,523.00","525,764.00",26.93%,
848,CRED,Verify,"1,346,012.00","1,556.48",0.12%,
955,SCT,Soma,"491,003.00","1,531.25",0.31%,
438,UQC,Uquid Coin,"10,407,200.00","1,232,430.00",11.84%,
151,MDS,MediShares,"48,904,004.00","768,483.00",1.57%,
435,PRA,ProChain,"10,437,568.00","7,109,710.00",68.12%,
142,IGNIS,Ignis,"53,766,371.00","2,889,300.00",5.37%,
152,SMT,SmartMesh,"48,269,801.00","548,264.00",1.14%,
541,HWC,HollyWoodCoin,"6,235,622.00","416,882.00",6.69%,
610,PKT,Playkey,"4,586,922.00","43,185.10",0.94%,
342,DAT,Datum,"15,364,107.00","414,272.00",2.70%,
1309,TRDT,Trident Group,"62,113.00",219.58,0.35%,
883,AMM,MicroMoney,"988,117.00","182,215.00",18.44%,
487,LOC,LockTrip,"8,219,898.00","250,018.00",3.04%,
705,WRC,Worldcore,"2,907,679.00","62,600.40",2.15%,
109,GTO,Gifto,"85,584,122.00","66,319,700.00",77.49%,
1314,YTN,YENTEN,"56,589.00",170.62,0.30%,
188,GNX,Genaro Network,"37,933,072.00","828,054.00",2.18%,
763,STAR,Starbase,"2,257,406.00","1,352.71",0.06%,
279,OST,OST,"21,847,929.00","639,692.00",2.93%,
114,STORM,Storm,"78,944,615.00","11,745,800.00",14.88%,
173,DTR,Dynamic Trading Rights,"42,635,546.00","21,675.90",0.05%,
66,ELF,aelf,"161,701,000.00","16,339,500.00",10.10%,
80,WAX,WAX,"124,859,804.00","1,907,200.00",1.53%,
398,MED,MediBloc [QRC20],"12,068,437.00","126,863.00",1.05%,
182,DEW,DEW,"40,119,388.00","50,215.00",0.13%,
241,NGC,NAGA,"27,271,576.00","2,279,430.00",8.36%,
198,BRD,Bread,"34,955,508.00","1,121,030.00",3.21%,
102,BIX,Bibox Token,"90,318,943.00","73,762,000.00",81.67%,
141,DAI,Dai,"53,916,528.00","462,043.00",0.86%,
249,SPHTX,SophiaTX,"25,312,238.00","629,882.00",2.49%,
627,BNTY,Bounty0x,"4,216,386.00","16,238.00",0.39%,
867,ACE,ACE (TokenStars),"1,131,959.00","567,588.00",50.14%,
483,DIM,DIMCOIN,"8,344,903.00","61,547.50",0.74%,
196,SRN,SIRIN LABS Token,"35,257,592.00","2,364,440.00",6.71%,
765,CPAY,Cryptopay,"2,243,826.00","4,563.38",0.20%,
340,HTML,HTMLCOIN,"15,619,737.00","79,761.00",0.51%,
155,DBC,DeepBrain Chain,"47,129,400.00","943,331.00",2.00%,
1288,HBC,HomeBlockCoin,"83,781.00",48.60,0.06%,
282,NEU,Neumark,"21,734,478.00","124,071.00",0.57%,
306,UTK,UTRUST,"19,332,991.00","343,630.00",1.78%,
420,QLC,QLINK,"11,037,072.00","744,372.00",6.74%,
787,PLAY,HEROcoin,"1,974,542.00","132,171.00",6.69%,
629,MTX,Matryx,"4,205,550.00","209,223.00",4.97%,
439,MOT,Olympus Labs,"10,319,940.00","659,848.00",6.39%,
864,PYLNT,Pylon Network,"1,145,180.00","36,953.20",3.23%,
896,STAK,STRAKS,"865,028.00","4,141.31",0.48%,
772,FDX,FidentiaX,"2,143,082.00","1,013.60",0.05%,
656,CAT,BitClave,"3,807,945.00","16,116.20",0.42%,1.01%
119,GTC,Game.com,"71,717,687.00","2,298,800.00",3.21%,
469,TAU,Lamden,"8,870,294.00","16,599.40",0.19%,
1323,ESC,Escroco,"49,059.00",318.73,0.65%,
417,BLT,Bloom,"11,239,697.00","103,111.00",0.92%,
278,SWFTC,SwftCoin,"22,049,387.00","5,677,430.00",25.75%,
301,COV,Covesting,"20,025,775.00","51,098.10",0.26%,
630,CAN,CanYaCoin,"4,200,305.00","29,362.60",0.70%,
317,APPC,AppCoins,"18,049,998.00","952,678.00",5.28%,
124,HPB,High Performance Blockchain,"69,111,291.00","11,277,300.00",16.32%,
118,WICC,WaykiChain,"71,884,504.00","4,057,890.00",5.65%,
522,MDT,Measurable Data Token,"6,859,928.00","654,546.00",9.54%,
58,XIN,Mixin,"203,777,928.00","120,211.00",0.06%,
1158,NMS,Numus,"336,991.00",241.64,0.07%,
811,CL,Coinlancer,"1,635,406.00","7,335.43",0.45%,
549,GET,GET Protocol,"5,939,591.00","68,492.10",1.15%,
916,OPC,OP Coin,"764,087.00","9,150.94",1.20%,
651,CFUN,CFun,"3,854,647.00","276,796.00",7.18%,
434,AIDOC,AI Doctor,"10,464,484.00","1,581,580.00",15.11%,
577,POLIS,Polis,"5,238,280.00","26,709.90",0.51%,
536,HKN,Hacken,"6,318,512.00","26,875.70",0.43%,
1016,STN,Steneum Coin,"164,799.00","2,096.49",1.27%,
566,ZAP,Zap,"5,512,638.00","53,548.10",0.97%,
313,TCT,TokenClub,"18,533,287.00","539,304.00",2.91%,
824,AIX,Aigang,"1,516,771.00","46,306.70",3.05%,
563,REBL,REBL,"5,551,733.00","701,837.00",12.64%,
336,INS,INS Ecosystem,"16,158,298.00","1,215,680.00",7.52%,
235,UTT,United Traders Token,"28,060,413.00","1,615.57",0.01%,
1100,CDX,Commodity Ad Network,"762,594.00",188.00,0.02%,
218,TIO,Trade Token,"31,473,312.00","219,940.00",0.70%,
611,BDG,BitDegree,"4,562,509.00","3,935.10",0.09%,
445,QUN,QunQun,"10,029,255.00","265,929.00",2.65%,
593,LEV,Leverj,"5,003,802.00","11,278.20",0.23%,
446,KRM,Karma,"9,957,970.00","777,184.00",7.80%,
273,ATN,ATN,"22,792,199.00","547,363.00",2.40%,
310,SXDT,Spectre.ai Dividend Token,"18,672,300.00","8,839.75",0.05%,
767,SXUT,Spectre.ai Utility Token,"2,232,202.00","16,556.30",0.74%,
753,VZT,Vezt,"2,332,177.00","5,381.17",0.23%,
957,UCOM,United Crypto Community,"489,055.00",968.86,0.20%,
430,BCA,Bitcoin Atom,"10,660,232.00","18,152.40",0.17%,
325,UGC,ugChain,"17,078,800.00","1,092,810.00",6.40%,
360,BKX,Bankex,"14,358,744.00","1,021,730.00",7.12%,
531,EKO,EchoLink,"6,476,269.00","247,661.00",3.82%,
169,BTO,Bottos,"43,455,162.00","1,519,960.00",3.50%,
220,TEL,Telcoin,"31,205,609.00","386,151.00",1.24%,
953,IC,Ignition,"518,576.00","2,637.04",0.51%,
761,HAC,Hackspace Capital,"2,261,183.00",636.04,0.03%,
210,KEY,Selfkey,"33,334,277.00","27,819,600.00",83.46%,
259,INT,Internet Node Token,"24,479,187.00","2,755,660.00",11.26%,
352,RNT,OneRoot Network,"14,680,430.00","648,733.00",4.42%,
1054,SENSE,Sense,"3,700,472.00",333.60,0.01%,
64,MOAC,MOAC,"164,974,247.00","680,950.00",0.41%,
1211,TOKC,TOKYO,"197,142.00",417.39,0.21%,
57,IOST,IOST,"208,866,840.00","22,608,800.00",10.82%,
411,AIT,AICHAIN,"11,469,858.00","869,917.00",7.58%,
408,SPC,SpaceChain,"11,620,994.00","96,535.60",0.83%,
900,ORE,Galactrum,"833,977.00","2,497.49",0.30%,
1013,HC,Harvest Masternode Coin,"191,820.00",951.97,0.50%,
1065,HORSE,Ethorse,"2,141,808.00",23.22,0.00%,
520,RCT,RealChain,"6,876,164.00","2,281,220.00",33.18%,
992,ARCT,ArbitrageCT,"295,379.00","5,502.52",1.86%,
101,THETA,Theta Token,"91,706,075.00","7,418,470.00",8.09%,
790,MVC,Maverick Chain,"1,952,456.00","710,379.00",36.38%,
700,PUT,Profile Utility Token,"3,032,619.00","630,801.00",20.80%,
1161,NOX,Nitro,"334,809.00",12.87,0.00%,
604,IPL,InsurePal,"4,686,596.00","225,445.00",4.81%,
606,IDXM,IDEX Membership,"4,626,220.00","6,319.98",0.14%,
290,AURA,Aurora DAO,"21,237,285.00","157,505.00",0.74%,
164,AGI,SingularityNET,"44,614,465.00","2,287,400.00",5.13%,
747,GAT,Gatcoin,"2,397,252.00","6,627.77",0.28%,
663,SEXC,ShareX,"3,615,149.00","102,345.00",2.83%,
121,DDD,Scry.info,"71,490,175.00","860,814.00",1.20%,
251,MOBI,Mobius,"24,916,835.00","406,587.00",1.63%,
299,HOT,Hydro Protocol,"20,163,335.00","892,493.00",4.43%,
858,REF,RefToken,"1,209,981.00","1,555.77",0.13%,
334,YEE,YEE,"16,273,673.00","1,065,490.00",6.55%,
401,SSC,SelfSell,"11,843,637.00","530,018.00",4.48%,
508,TNC,Trinity Network Credit,"7,387,633.00","227,586.00",3.08%,
175,C20,CRYPTO20,"41,903,446.00","96,799.10",0.23%,
703,ARY,Block Array,"2,959,171.00","10,738.90",0.36%,
253,DTA,DATA,"24,877,072.00","910,212.00",3.66%,
156,CRPT,Crypterium,"46,880,234.00","1,311,990.00",2.80%,
987,SPK,Sparks,"329,594.00","1,279.02",0.39%,
482,CV,carVertical,"8,455,425.00","33,887.00",0.40%,
832,TBX,Tokenbox,"1,440,926.00","4,674.73",0.32%,
229,EKT,EDUCare,"29,166,750.00","2,590,510.00",8.88%,
180,TRUE,True Chain,"40,415,880.00","62,398,000.00",154.39%,
204,OCN,Odyssey,"33,850,733.00","10,752,500.00",31.76%,
578,IDH,indaHash,"5,238,165.00","36,545.60",0.70%,
1307,QBIC,Qbic,"63,708.00",473.27,0.74%,
1031,GUESS,Peerguess,"65,673.00","13,379.50",20.37%,
551,AID,AidCoin,"5,829,649.00","1,641,970.00",28.17%,
689,EVE,Devery,"3,186,509.00","162,062.00",5.09%,
489,BPT,Blockport,"8,161,475.00","59,327.50",0.73%,
595,AXP,aXpire,"4,957,064.00","20,087.90",0.41%,
286,TRAC,OriginTrail,"21,589,671.00","126,101.00",0.58%,
392,LET,LinkEye,"12,432,240.00","631,151.00",5.08%,
27,ZIL,Zilliqa,"541,488,601.00","36,875,100.00",6.81%,
463,SLT,Smartlands,"9,143,968.00","210,146.00",2.30%,
384,FOTA,Fortuna,"13,094,375.00","1,289,400.00",9.85%,
232,SOC,All Sports,"28,274,032.00","2,596,720.00",9.18%,
130,MAN,Matrix AI Network,"62,351,100.00","17,603,200.00",28.23%,
1027,GRLC,Garlicoin,"103,567.00","2,026.92",1.96%,
170,RUFF,Ruff,"43,433,557.00","2,099,860.00",4.83%,
516,NKC,Nework,"7,084,918.00","4,153,930.00",58.63%,
691,COFI,CoinFi,"3,164,466.00","86,119.00",2.72%,
981,EQL,Equal,"350,676.00","2,279.55",0.65%,
270,ZPT,Zeepin,"23,153,800.00","266,536.00",1.15%,
224,CPC,CPChain,"30,715,648.00","7,123,420.00",23.19%,
467,HMC,Hi Mutual Society,"8,959,503.00","307,427.00",3.43%,
1099,SMS,Speed Mining Service,"772,342.00",468.79,0.06%,
899,BTW,BitWhite,"840,010.00","44,544.90",5.30%,
582,CXO,CargoX,"5,188,684.00","37,449.50",0.72%,
581,TRF,Travelflex,"5,193,413.00","34,155.90",0.66%,
103,ELA,Elastos,"90,095,883.00","11,795,200.00",13.09%,
472,STK,STK,"8,764,605.00","211,037.00",2.41%,
669,PARETO,Pareto Network,"3,554,383.00","29,699.00",0.84%,
95,POLY,Polymath,"96,528,113.00","3,574,330.00",3.70%,
466,MTN,Medicalchain,"8,970,262.00","4,240,250.00",47.27%,
277,JNT,Jibrel Network,"22,362,560.00","726,027.00",3.25%,
497,CHSB,SwissBorg,"7,670,571.00","58,849.30",0.77%,
681,ZLA,Zilla,"3,347,816.00","203,194.00",6.07%,
687,ADB,adbank,"3,227,855.00","62,294.60",1.93%,
63,HT,Huobi Token,"169,959,680.00","53,262,500.00",31.34%,
459,DMT,DMarket,"9,415,512.00","332,675.00",3.53%,
843,ING,Iungo,"1,359,256.00","22,957.40",1.69%,
133,BLZ,Bluzelle,"58,721,306.00","7,757,170.00",13.21%,
341,SWM,Swarm,"15,450,647.00","41,972.00",0.27%,
161,TKY,THEKEY,"46,035,419.00","393,281.00",0.85%,
893,DRPU,DCORP Utility,"922,603.00","198,264.00",21.49%,
1107,ESZ,EtherSportz,"679,974.00",208.64,0.03%,
470,DXT,Datawallet,"8,817,657.00","269,995.00",3.06%,
329,WPR,WePower,"16,791,272.00","1,234,700.00",7.35%,
572,UCASH,U.CASH,"5,392,475.00",586.00,0.01%,
914,MNTP,GoldMint,"766,657.00","29,740.80",3.88%,
974,JEW,Shekel,"406,185.00",940.84,0.23%,
424,MLM,MktCoin,"10,868,138.00","199,183.00",1.83%,
638,LOCI,LOCIcoin,"4,067,716.00","44,640.80",1.10%,
1078,JC,Jesus Coin,"1,197,417.00",41.93,0.00%,
1070,BIO,BioCoin,"1,868,592.00",429.61,0.02%,
1123,TIG,Tigereum,"555,704.00",274.04,0.05%,
300,UTNP,Universa,"20,134,837.00","91,352.00",0.45%,
475,ACAT,Alphacat,"8,597,504.00","125,653.00",1.46%,
324,EVN,Envion,"17,126,584.00","21,235.50",0.12%,
372,RMT,SureRemit,"13,744,550.00","13,754.40",0.10%,
712,DTH,Dether,"2,826,485.00","40,748.80",1.44%,
321,CAS,Cashaa,"17,261,012.00","225,367.00",1.31%,
131,FSN,Fusion,"61,559,366.00","5,700,810.00",9.26%,
460,MWAT,Restart Energy MWAT,"9,322,656.00","164,958.00",1.77%,
740,GLA,Gladius Token,"2,483,862.00","3,063.54",0.12%,
519,DADI,DADI,"7,050,741.00","1,159,610.00",16.45%,
436,NTK,Neurotoken,"10,412,648.00","1,010,680.00",9.71%,
512,GEM,Gems ,"7,253,375.00","694,381.00",9.57%,
254,NEC,Nectar,"24,876,295.00","127,073.00",0.51%,
269,REN,Republic Protocol,"23,277,495.00","960,026.00",4.12%,
272,LCC,Litecoin Cash,"22,936,980.00","134,672.00",0.59%,
222,STQ,Storiqa,"31,010,074.00","879,905.00",2.84%,
928,TDX,Tidex Token,"696,056.00","27,254.10",3.92%,
774,CPY,COPYTRACK,"2,118,545.00","1,893.79",0.09%,
140,NCASH,Nucleus Vision,"54,197,144.00","2,809,650.00",5.18%,
177,ABT,Arcblock,"41,446,587.00","18,909,400.00",45.62%,
491,REM,Remme,"8,073,080.00","725,284.00",8.98%,
561,EXY,Experty,"5,607,993.00","134,940.00",2.41%,
200,POA,POA Network,"34,731,900.00","756,705.00",2.18%,
710,XNK,Ink Protocol,"2,873,376.00","607,891.00",21.16%,
215,RKT,Rock,"31,797,077.00","76,801.70",0.24%,
622,BEZ,Bezop,"4,334,296.00","558,916.00",12.90%,
219,IHT,IHT Real Estate Protocol,"31,283,503.00","6,422,270.00",20.53%,
451,RFR,Refereum,"9,693,516.00","402,072.00",4.15%,
264,LYM,Lympo,"24,222,811.00","4,476,730.00",18.48%,
706,SETH,Sether,"2,902,756.00","12,021.70",0.41%,
228,CS,Credits,"29,644,824.00","2,215,540.00",7.47%,
670,BEE,Bee Token,"3,532,540.00","10,314.10",0.29%,
742,INSTAR,Insights Network,"2,467,555.00","153,669.00",6.23%,
183,AUTO,Cube,"39,614,632.00","710,019.00",1.79%,
796,EZT,EZToken,"1,887,959.00","11,574.80",0.61%,
552,TUBE,BitTube,"5,797,134.00","190,495.00",3.29%,
699,LEDU,Education Ecosystem,"3,038,604.00","245,970.00",8.09%,
123,TUSD,TrueUSD,"70,277,821.00","12,066,600.00",17.17%,
754,HQX,HOQU,"2,321,617.00","550,116.00",23.70%,
879,STAC,StarterCoin,"1,032,210.00","70,697.20",6.85%,
32,ONT,Ontology,"492,365,254.00","37,808,600.00",7.68%,
363,DATX,DATx,"14,267,669.00","242,092.00",1.70%,
668,J8T,JET8,"3,586,958.00","5,204.84",0.15%,
492,CHP,CoinPoker,"8,050,605.00","211,491.00",2.63%,
318,TOMO,TomoChain,"17,822,255.00","183,467.00",1.03%,
612,GRFT,Graft,"4,558,637.00","32,211.40",0.71%,
315,BAX,BABB,"18,281,025.00","273,419.00",1.50%,
419,ELEC,Electrify.Asia,"11,108,410.00","651,845.00",5.87%,
62,BTCP,Bitcoin Private,"175,898,306.00","709,490.00",0.40%,
209,TEN,Tokenomy,"33,352,824.00","1,116,060.00",3.35%,
280,RVN,Ravencoin,"21,812,197.00","229,882.00",1.05%,
347,TFD,TE-FOOD,"14,967,913.00","118,016.00",0.79%,
523,SHIP,ShipChain,"6,857,513.00","6,661.44",0.10%,
722,LDC,Leadcoin,"2,701,213.00","405,632.00",15.02%,
780,SHP,Sharpe Platform Token,"2,053,663.00","53,965.30",2.63%,
721,LALA,LALA World,"2,701,750.00","25,038.60",0.93%,
1019,OCC,Octoin Coin,"156,117.00","994,837.00",637.24%,
603,DEB,Debitum,"4,697,521.00","105,266.00",2.24%,
116,CENNZ,Centrality,"77,853,165.00","451,390.00",0.58%,
365,HAV,Havven,"14,253,637.00","553,354.00",3.88%,
560,FLUZ,Fluz Fluz,"5,626,310.00","16,264.30",0.29%,
87,LOOM,Loom Network,"112,704,903.00","4,177,320.00",3.71%,
707,GETX,Guaranteed Ethurance Token Extra,"2,899,443.00","1,256.58",0.04%,
903,HIRE,HireMatch,"809,171.00",686.09,0.08%,
83,DROP,Dropil,"120,113,568.00","285,000.00",0.24%,
344,BANCA,Banca,"15,192,958.00","598,246.00",3.94%,
550,LATX,LatiumX,"5,866,231.00","17,713.90",0.30%,
242,NANJ,NANJCOIN,"26,975,372.00","187,954.00",0.70%,
510,UP,UpToken,"7,381,391.00","1,293,080.00",17.52%,
498,BBN,Banyan Network,"7,663,334.00","1,006,930.00",13.14%,
136,NOAH,Noah Coin,"57,047,024.00","538,627.00",0.94%,
255,LGO,LGO Exchange,"24,815,882.00","66,005.70",0.27%,
664,1WO,1World,"3,614,354.00","73,549.50",2.03%,
545,NPX,NaPoleonX,"6,151,973.00","676,302.00",10.99%,
49,NPXS,Pundi X,"252,288,431.00","9,872,080.00",3.91%,
461,BITG,Bitcoin Green,"9,258,782.00","64,836.50",0.70%,
172,BFT,BnkToTheFuture,"43,062,343.00","991,450.00",2.30%,
54,WAN,Wanchain,"216,263,412.00","7,566,960.00",3.50%,
850,AMLT,AMLT,"1,329,366.00","200,052.00",15.05%,
44,MITH,Mithril,"298,408,121.00","185,080,000.00",62.02%,
677,PCL,Peculium,"3,384,723.00","81,419.80",2.41%,
717,SIG,Spectiv,"2,763,716.00","11,383.10",0.41%,
263,RNTB,BitRent,"24,227,501.00","940,582.00",3.88%,
853,XBP,BlitzPredict,"1,283,159.00","154,195.00",12.02%,
931,LNC,Blocklancer,"671,885.00","4,780.90",0.71%,
800,SPD,Stipend,"1,802,740.00","5,684.36",0.32%,
768,IPSX,IP Exchange,"2,215,206.00","318,570.00",14.38%,
760,BSTN,BitStation,"2,262,462.00","125,279.00",5.54%,
496,SWTH,Switcheo,"7,741,004.00","128,255.00",1.66%,
647,SENC,Sentinel Chain,"3,901,698.00","173,639.00",4.45%,
806,VIT,Vice Industry Token,"1,738,168.00","12,942.70",0.74%,
538,FDZ,Friendz,"6,273,860.00","390,151.00",6.22%,
144,TPAY,TokenPay,"53,432,563.00","493,695.00",0.92%,
589,BERRY,Rentberry,"5,114,074.00","9,448.66",0.18%,
884,XTL,Stellite,"980,812.00","9,907.99",1.01%,
570,NCT,PolySwarm,"5,424,508.00","25,533.30",0.47%,
117,ODE,ODEM,"76,729,201.00","21,181,900.00",27.61%,
284,XSN,Stakenet,"21,611,437.00","134,626.00",0.62%,
386,XDCE,XinFin Network,"13,062,212.00","522,441.00",4.00%,
962,TDS,TokenDesk,"457,917.00","384,120.00",83.88%,
997,BBI,BelugaPay,"261,964.00","1,333.97",0.51%,
643,FID,Fidelium,"3,969,756.00","27,037.60",0.68%,
112,CTXC,Cortex,"80,255,204.00","12,048,600.00",15.01%,
1007,WIN,WCOIN,"215,850.00","3,480.09",1.61%,
323,CPX,Apex,"17,201,243.00","185,881.00",1.08%,
125,CVT,CyberVein,"68,329,661.00","274,627.00",0.40%,
327,SENT,Sentinel,"16,959,900.00","609,150.00",3.59%,
239,EOSDAC,eosDAC,"27,723,173.00","277,321.00",1.00%,
471,UUU,U Network,"8,784,826.00","1,249,650.00",14.23%,
517,ADH,AdHive,"7,078,475.00","395,120.00",5.58%,
1006,BSM,Bitsum,"232,410.00","13,305.30",5.72%,
503,DEV,DeviantCoin,"7,565,733.00","71,497.50",0.95%,
711,CBT,CommerceBlock,"2,843,731.00","120,658.00",4.24%,
998,GRMD,GreenMed,"254,522.00","6,897.61",2.71%,
725,AUC,Auctus,"2,661,961.00","34,779.70",1.31%,
841,DAN,Daneel,"1,379,353.00","47,669.50",3.46%,
473,BRM,BrahmaOS,"8,700,270.00","668,763.00",7.69%,
821,MFG,SyncFab,"1,560,270.00","3,558,830.00",228.09%,
786,ADI,Aditus,"2,026,995.00","205,036.00",10.12%,
732,XHV,Haven Protocol,"2,561,102.00","22,104.50",0.86%,
895,CRC,CryCash,"897,470.00","1,228.83",0.14%,
741,DERO,Dero,"2,472,753.00","14,844.60",0.60%,
575,EFX,Effect.AI,"5,362,304.00","198,019.00",3.69%,
815,FTX,FintruX Network,"1,615,750.00","27,880.90",1.73%,
924,EARTH,Earth Token,"709,031.00","29,770.70",4.20%,
379,MRK,MARK.SPACE,"13,526,283.00","1,469,630.00",10.86%,
632,SRCOIN,SRCOIN,"4,195,923.00","712,932.00",16.99%,
795,CHX,Chainium,"1,904,497.00","20,122.00",1.06%,
686,MSR,Masari,"3,275,208.00","12,266.60",0.37%,
319,DOCK,Dock,"17,696,876.00","632,249.00",3.57%,
1092,PHI,PHI Token,"858,028.00",482.71,0.06%,
641,LNC,Linker Coin,"3,986,423.00","35,511.20",0.89%,
388,BBC,TraDove B2BCoin,"12,783,300.00","275,194.00",2.15%,
635,HBZ,Helbiz,"4,132,210.00","1,135,320.00",27.47%,
946,ORI,Origami,"570,963.00","1,093.99",0.19%,
84,HOT,Holo,"119,081,841.00","44,899,200.00",37.70%,
1063,TRAK,TrakInvest,"2,395,582.00",252.35,0.01%,
590,APH,Aphelion,"5,055,539.00","236,907.00",4.69%,
355,ZCO,Zebi,"14,539,060.00","1,435,440.00",9.87%,
697,LND,Lendingblock,"3,062,730.00","20,231.40",0.66%,
346,XES,Proxeus,"15,048,841.00","241,670.00",1.61%,
948,BTRN,Biotron,"554,333.00","3,718.71",0.67%,
565,NBAI,Nebula AI,"5,541,411.00","39,945.00",0.72%,
187,NEXO,Nexo,"38,064,489.00","506,792.00",1.33%,
685,VME,VeriME,"3,289,658.00","253,443.00",7.70%,
240,DAX,DAEX,"27,552,844.00","5,282,070.00",19.17%,
267,HYDRO,Hydro,"23,463,313.00","548,779.00",2.34%,
543,SS,Sharder,"6,193,808.00","224,808.00",3.63%,
374,TTT,TrustNote,"13,718,640.00","1,816,290.00",13.24%,
184,BCI,Bitcoin Interest,"39,573,074.00","27,573.20",0.07%,
667,BETR,BetterBetting,"3,591,473.00","70,346.70",1.96%,
999,TNS,Transcodium,"251,944.00","141,968.00",56.35%,
857,AMN,Amon,"1,217,176.00","32,496.00",2.67%,
989,PLAN,Plancoin,"323,945.00","271,942.00",83.95%,
693,FLP,FLIP,"3,127,224.00","229,447.00",7.34%,
416,CMCT,Crowd Machine,"11,255,584.00","3,791,820.00",33.69%,
623,MITX,Morpheus Labs,"4,279,431.00","853,945.00",19.95%,
923,LIVE,Live Stars,"711,852.00","16,750.30",2.35%,
191,MTC,Docademic,"36,750,477.00","501,641.00",1.36%,
143,NTY,Nexty,"53,601,742.00","484,301.00",0.90%,
1111,CJT,ConnectJob,"641,193.00",34.03,0.01%,
849,BOUTS,BoutsPro,"1,331,143.00","35,152.40",2.64%,
548,PAL,PolicyPal Network,"6,018,517.00","712,632.00",11.84%,
904,GENE,Parkgene,"806,134.00","36,738.70",4.56%,
859,APR,APR Coin,"1,205,191.00","5,918.78",0.49%,
298,AC3,AC3,"20,250,309.00","298,828.00",1.48%,
265,FXT,FuzeX,"23,773,215.00","52,878.70",0.22%,
716,ZIPT,Zippie,"2,793,521.00","188,515.00",6.75%,
584,GEN,DAOstack,"5,174,093.00","229,320.00",4.43%,
404,BZNT,Bezant,"11,749,880.00","1,485,900.00",12.65%,
846,TEAM,TEAM (TokenStars),"1,349,292.00","104,620.00",7.75%,
1297,FRV,Fitrova,"78,600.00",259.67,0.33%,
779,OOT,Utrum,"2,065,588.00","10,218.20",0.49%,
245,ATX,Aston,"26,117,257.00","52,415.80",0.20%,
783,DGX,Digix Gold Token,"2,032,193.00","2,348.97",0.12%,
238,SKB,Sakura Bloom,"27,866,838.00","157,611.00",0.57%,
1014,BANK,Bank Coin,"177,835.00","1,430.82",0.80%,
633,NPER,NPER,"4,146,014.00","937,582.00",22.61%,
591,LOKI,Loki,"5,015,825.00","33,920.90",0.68%,
908,SGN,Signals Network,"800,859.00","172,139.00",21.49%,
804,SHL,Oyster Shell,"1,778,409.00","4,062.10",0.23%,
852,FND,FundRequest,"1,296,572.00","33,845.90",2.61%,
967,DTRC,Datarius Credit,"433,364.00","347,602.00",80.21%,
658,CLN,Colu Local Network,"3,768,461.00","91,297.40",2.42%,
546,HER,HeroNode,"6,073,974.00","100,243.00",1.65%,
830,TKA,Tokia,"1,464,749.00","1,012,430.00",69.12%,
513,CLO,Callisto Network,"7,230,536.00","43,890.20",0.61%,
644,UBT,Unibright,"3,959,297.00","69,916.60",1.77%,
571,PAT,Patron,"5,412,350.00","31,257.00",0.58%,
692,LWF,Local World Forwarders,"3,135,885.00","4,799.96",0.15%,
514,SNTR,Silent Notary,"7,215,126.00","397,861.00",5.51%,
391,XYO,XYO Network,"12,680,893.00","19,942.00",0.16%,
291,CPT,Cryptaur,"21,228,467.00","266,912.00",1.26%,
206,APIS,APIS,"33,639,033.00","36,488,500.00",108.47%,
870,FT,Fabric Token,"1,118,491.00","4,190.61",0.37%,
1106,CAZ,Cazcoin,"697,991.00",7.09,0.00%,
602,RED,RED,"4,705,532.00","1,269,740.00",26.98%,-100.00%
580,DGTX,Digitex Futures,"5,199,908.00","105,120.00",2.02%,
375,GIN,GINcoin,"13,661,876.00","150,492.00",1.10%,
868,INV,Invacio,"1,125,525.00","1,612.14",0.14%,
509,FACE,Faceter,"7,381,882.00","93,043.80",1.26%,
698,AVA,Travala,"3,053,080.00","5,529.01",0.18%,
250,IOTX,IoTeX,"25,050,620.00","1,788,220.00",7.14%,
311,EXC,Eximchain,"18,573,886.00","14,582.50",0.08%,
252,NKN,NKN,"24,891,369.00","2,224,690.00",8.94%,
808,NAVI,Naviaddress,"1,696,156.00","119,441.00",7.04%,
527,SOUL,Phantasma,"6,566,247.00","140,287.00",2.14%,
395,IVY,Ivy,"12,231,073.00","9,281.60",0.08%,
225,EDR,Endor Protocol,"30,162,399.00","3,054,960.00",10.13%,
838,BBO,Bigbom,"1,395,902.00","10,377.30",0.74%,
738,0xBTC,0xBitcoin,"2,485,975.00","405,569.00",16.31%,
302,PAI,PCHAIN,"19,633,324.00","231,825.00",1.18%,
261,QKC,QuarkChain,"24,328,698.00","9,253,680.00",38.04%,
296,LYL,LoyalCoin,"20,735,982.00","66,832.20",0.32%,
675,OMX,Shivom,"3,437,022.00","552,616.00",16.08%,
362,MEDX,MediBloc [ERC20],"14,349,669.00","230,673.00",1.61%,
642,ABYSS,The Abyss,"3,983,648.00","2,201,180.00",55.26%,
844,PMNT,Paymon,"1,357,705.00","9,036.56",0.67%,
576,HUR,Hurify,"5,289,299.00","132,302.00",2.50%,
649,PKC,PikcioChain,"3,896,916.00","189,340.00",4.86%,
465,CBC,CashBet Coin,"8,977,214.00","160,872.00",1.79%,
402,CEEK,CEEK VR,"11,820,609.00","154,288.00",1.31%,
462,XMX,XMax,"9,251,654.00","807,615.00",8.73%,
197,GO,GoChain,"35,008,961.00","1,239,740.00",3.54%,
542,SSP,Smartshare,"6,204,147.00","1,093,720.00",17.63%,
426,UPP,Sentinel Protocol,"10,737,668.00","961,532.00",8.95%,
385,DAG,Constellation,"13,073,068.00","1,768,940.00",13.53%,
486,MVP,Merculet,"8,228,166.00","106,956.00",1.30%,
878,FGC,FantasyGold,"1,057,841.00","4,131.74",0.39%,
594,ETK,EnergiToken,"4,966,928.00","80,979.60",1.63%,
312,MET,Metronome,"18,563,788.00","7,084,940.00",38.17%,
539,ALX,ALAX,"6,267,345.00","108,834.00",1.74%,
316,TERN,Ternio,"18,196,595.00","1,940,040.00",10.66%,
586,ORS,Origin Sport,"5,148,687.00","896,578.00",17.41%,
504,RTE,Rate3,"7,485,662.00","1,017,940.00",13.60%,
262,DCC,Distributed Credit Chain,"24,232,454.00","2,732,810.00",11.28%,
371,ZCN,0chain,"13,830,760.00","100,932.00",0.73%,
963,ZINC,ZINC,"451,788.00","23,820.90",5.27%,
803,FSBT,Forty Seven Bank,"1,787,757.00","462,295.00",25.86%,
293,EGT,Egretia,"21,053,849.00","855,962.00",4.07%,
149,TTU,TaTaTu,"50,103,541.00","149,555.00",0.30%,
827,BOB,Bob's Repair,"1,474,828.00","271,920.00",18.44%,
847,KNDC,KanadeCoin,"1,349,239.00","5,454.33",0.40%,
842,ONL,On.Live,"1,373,294.00","115,178.00",8.39%,
223,MFT,Mainframe,"30,871,636.00","10,114,500.00",32.76%,
615,CCCX,Clipper Coin,"4,523,259.00","162,142.00",3.58%,
217,GOT,GoNetwork,"31,611,406.00","5,186,400.00",16.41%,
778,THRT,Thrive Token,"2,088,349.00","651,994.00",31.22%,
464,PCH,POPCHAIN,"9,114,294.00","764,756.00",8.39%,
985,YUP,Crowdholding,"339,454.00","49,425.20",14.56%,
865,XSG,SnowGem,"1,138,689.00","42,574.30",3.74%,
973,DTX,DaTa eXchange,"407,596.00","3,451,960.00",846.91%,
558,MOC,Mossland,"5,636,949.00","38,018.10",0.67%,
978,XMCT,XMCT,"386,448.00","1,907,770.00",493.67%,
794,TGAME,Truegame,"1,921,486.00","122,915.00",6.40%,
260,SCRL,Scroll,"24,424,556.00","517,738.00",2.12%,
791,ELY,Elysian,"1,944,651.00","23,948,400.00",1231.50%,
822,PTT,Proton Token,"1,557,503.00","587,428.00",37.72%,
920,KRL,Kryll,"747,405.00","21,941.20",2.94%,
